equipment_energy_consumption,outdoor_temperature,hour,zone_temperature,zone_humidity
40.0,3.5,7,17.457037037037036,44.94074074074073
50.0,2.25,7,18.563650793650798,42.784708994709
60.0,2.16666666666667,0,18.627037037037045,36.49481481481481
60.0,7.866666666666669,10,19.544074074074075,52.92816401864688
90.0,13.1,16,20.57,41.28333333333333
50.0,10.6,1,20.613333333333333,43.47851851851853
120.0,4.9,21,19.182962962962968,55.475815080217366
20.0,10.3,17,17.407777777777778,53.00679012345679
130.0,5.85,19,17.68481481481482,44.30285199160991
120.0,7.9,19,19.66444444444445,42.82222222222222
20.0,3.7,15,17.46148148148148,36.80353968253968
80.0,12.9833333333333,15,20.35148148148149,30.974444444444444
60.0,5.9,12,19.288148148148142,35.970370370370375
60.0,8.8,7,20.18074074074074,44.46037037037037
90.0,10.85,19,19.10246913580248,48.79555555555555
30.0,5.5833333333333295,12,17.02648148148149,45.83592592592591
50.0,10.6,12,20.47056878306879,51.14934655832943
100.0,3.43333333333333,22,20.223290920449685,38.68944444444444
50.0,5.51666666666667,13,19.001851851851853,34.85777777777779
70.0,5.5,14,18.72222222222221,50.2662962962963
50.0,4.65,4,18.33987654320988,53.24172839506171
70.0,7.25,17,18.77625,34.86173611111109
80.0,5.46666666666667,16,17.24814814814814,43.0712962962963
50.0,10.9,12,20.500740740740746,40.11134391534391
60.0,9.5,16,19.316666666666663,33.998888888888885
90.0,10.6,9,18.56285714285714,51.24389417989418
40.0,2.8,1,17.687777777777782,44.34148148148149
110.0,5.9,11,18.09407407407407,38.54925925925924
50.0,2.2,1,15.927790126648803,43.59682539682539
70.0,2.43333333333333,6,17.247037037037046,49.31030864197531
50.0,-1.2,5,15.503950617283945,47.90203703703703
60.0,5.43333333333333,22,15.92222222222222,51.29851851851853
50.0,1.63333333333333,0,19.593653596962493,43.73407407407407
50.0,2.7,8,16.643703703703704,44.46481481481481
90.0,4.96666666666667,10,18.54345679012345,48.25629629629628
50.0,0.8,2,18.427777777777777,42.411758640844994
40.0,2.7,22,16.13111111111111,50.12444444444444
50.0,-0.2,8,16.435185185185187,42.01185185185184
70.0,2.86666666666667,16,16.685784002177137,37.810634920634925
60.0,9.26666666666667,4,20.46449735449736,38.66375661375663
20.0,4.36666666666667,23,15.146975308641975,48.0691975308642
50.0,9.76666666666667,18,20.33597643097642,35.628117845117835
50.0,13.8,9,21.251481481481477,34.2378941798942
20.0,6.43333333333333,23,19.328359788359787,39.42550264550264
50.0,12.1,20,19.40185185185185,40.6
50.0,6.425,0,19.47555555555555,41.07592592592594
90.0,8.099999999999998,15,19.75592592592592,41.81601851851852
100.0,6.66666666666667,9,19.75925925925925,40.373055555555545
80.0,8.099999999999998,21,16.669056768552874,54.88796296296297
50.0,3.2,15,17.318465608465605,36.61
60.0,5.93333333333333,4,19.850934283135853,36.226444444444446
90.0,7.599999999999999,15,18.215555555555557,51.05364197530864
100.0,8.8,13,21.05074074074073,33.04474074074076
60.0,3.65,12,18.83185185185185,42.92254427122941
40.0,-0.95,6,17.158518518518523,41.03796296296295
40.0,-0.3,6,16.373518518518516,43.436851851851856
30.0,0.8,2,18.33592592592593,37.9262962962963
110.0,9.93333333333333,13,20.558209876543213,38.19469135802469
40.0,-0.2,6,16.965555555555554,40.875343915343926
50.0,2.63333333333333,15,18.07803840877916,44.46698216735254
40.0,9.133333333333328,3,20.99242607779871,52.59898148148148
60.0,4.25,11,17.695555555555565,36.80318518518519
70.0,5.26666666666667,13,18.29296296296296,39.78651851851852
80.0,3.45,10,17.904074074074078,47.07993827160494
50.0,0.8,6,16.844814814814807,43.56656084656085
60.0,2.75,10,16.614461250854404,49.42370370370372
90.0,-5.55111512312578e-17,8,16.848518518518517,40.80592592592591
60.0,5.85,14,16.67937466422384,35.32787037037038
50.0,5.3,2,18.66814814814815,38.994814814814816
100.0,8.75,15,19.2262962962963,31.809629629629637
30.0,1.7,7,17.711481481481478,50.6787037037037
40.0,-0.7833333333333331,4,15.612098765432096,44.28571150457557
60.0,5.3333333333333295,13,18.34740740740741,39.691190476190485
50.0,8.9,23,14.480239916531692,34.50197883597884
70.0,8.26666666666667,15,18.91870370370371,46.04703703703705
90.0,8.66666666666667,14,19.45592592592592,39.87777777777778
40.0,10.2333333333333,1,19.68481481481481,55.47123456790124
50.0,3.333333333333329,3,16.905925925925928,44.62259259259259
90.0,6.5,17,17.488333333333337,37.345925925925926
60.0,7.5,15,19.34777777777778,39.600656084656094
50.0,9.36666666666667,2,20.75333333333333,37.64222222222222
60.0,10.5,23,20.431068783068778,40.27306878306879
40.0,5.46666666666667,15,17.51407407407407,48.49666666666667
50.0,8.699999999999998,10,17.877352788286217,34.62113756613756
20.0,7.3,13,16.91259259259259,51.75771604938271
110.0,14.7,18,21.8371111111111,34.641185185185186
60.0,13.5,15,20.68148148148148,40.77814814814814
80.0,2.5,21,18.312962962962963,43.60851851851854
40.0,10.4166666666667,3,19.33611111111112,49.41499999999999
60.0,0.366666666666667,1,17.868148148148148,40.29111111111111
60.0,8.8,8,18.77228395061728,54.32987654320987
50.0,6.16666666666667,1,17.161666666666665,41.47202380952381
30.0,6.35,15,17.248703703703693,42.89203703703702
70.0,8.699999999999998,17,19.28444444444444,37.88925925925926
70.0,7.53333333333333,16,18.841384479717806,39.3888955026455
60.0,12.0,13,21.04428571428572,37.01904761904762
50.0,7.5833333333333295,9,19.877777777777776,37.834867724867735
50.0,10.4,7,20.056296296296296,37.62432804232804
50.0,6.5,22,19.483703703703696,35.15083333333332
70.0,3.333333333333329,22,17.721481481481476,49.249876543209865
100.0,6.0,21,19.717513227513223,37.13518518518519
150.0,9.1,17,18.75314814814814,52.847808641975305
70.0,2.9,15,18.45037037037038,40.39496393250434
50.0,4.73333333333333,12,16.020778714212145,36.43804894179893
80.0,11.55,21,18.70535543378886,40.72631481481483
70.0,2.466666666666669,5,18.932539682539677,39.91924867724868
50.0,3.583333333333329,5,18.682901234567897,44.08586419753085
20.0,9.8,1,18.19555555555556,52.35419753086418
60.0,9.76666666666667,2,18.6726094263795,47.25814814814814
50.0,4.26666666666667,5,20.738045131354017,42.57021164021163
50.0,2.45,6,17.642777777777777,48.80518518518519
60.0,9.3,6,20.191111111111116,44.15611111111111
60.0,9.0,2,19.706666666666663,40.80703703703704
50.0,13.1666666666667,21,21.113,41.06166666666665
40.0,0.25,5,18.57647369684633,43.61560846560846
60.0,5.0833333333333295,4,18.563333333333336,40.85407407407408
40.0,2.6,19,16.456790123456788,50.087592592592586
50.0,9.633333333333328,9,22.12287625391174,33.867248677248675
50.0,2.91666666666667,4,16.884074074074068,44.67407407407408
20.0,4.46666666666667,5,15.948888888888892,49.84413580246913
60.0,10.0833333333333,17,22.19377572481122,35.6237037037037
50.0,6.5,23,19.791975308641984,47.21484567901235
30.0,-0.6,3,14.347158558324642,45.76898148148148
60.0,4.23333333333333,6,16.826508526244183,44.17308641975308
60.0,12.9,14,21.216666666666665,35.705767195767194
50.0,14.4,12,21.45428571428571,33.0447619047619
20.0,-4.3333333333333295,2,15.972345679012356,43.23487133991174
50.0,5.1,15,19.106296296296293,36.81222222222223
60.0,8.8,8,18.764691358024685,54.25487654320988
40.0,7.133333333333329,6,17.86518518518518,44.602592592592586
80.0,7.0833333333333295,10,18.75703703703703,45.15259259259258
40.0,3.5,6,16.520740740740745,51.50740740740741
50.0,6.133333333333329,5,20.690025986724677,47.28246913580247
60.0,-3.06666666666667,3,16.900370370370368,43.18194444444446
50.0,4.65,22,17.197037037037028,41.004000000000005
80.0,9.0,19,16.85160493827161,50.22956790123457
30.0,5.0833333333333295,3,15.108333333333333,48.835
50.0,4.0,1,20.26348277684813,33.00222385025458
50.0,6.5,10,14.558071483171574,48.507654320987655
60.0,9.6,8,19.50847610563486,53.25617283950615
40.0,12.5333333333333,13,21.348888888888897,33.381068783068784
60.0,9.733333333333327,14,21.8662461895551,31.780370370370367
100.0,9.43333333333333,19,20.237777777777776,43.52898086306721
50.0,4.3333333333333295,2,18.05210317460317,47.91533215034007
60.0,12.6,13,21.194126984126985,35.78650793650793
50.0,10.9666666666667,15,20.574740740740733,30.49829629629629
80.0,8.05,20,19.17851851851852,36.11314814814814
100.0,9.68333333333333,16,19.86851851851852,33.91814814814814
90.0,0.4,21,16.175677076843158,42.28032407407407
70.0,8.3,8,20.115740740740744,50.5781243361072
30.0,12.2166666666667,8,19.5974074074074,45.23814814814816
80.0,3.43333333333333,12,17.812222222222218,40.15074074074075
50.0,1.3,4,18.953280423280415,41.81523809523812
50.0,8.63333333333333,9,20.46222222222223,34.2574074074074
50.0,5.85,4,19.523086419753085,42.61555555555557
60.0,2.583333333333329,23,19.685185185185187,36.39303703703702
50.0,8.8,12,19.75230133062617,36.930000000000014
80.0,1.38777878078145e-17,5,17.47925925925926,39.69083333333334
40.0,1.0,5,18.33481481481481,42.281666666666666
50.0,8.349999999999998,1,18.24592592592592,46.473703703703706
70.0,4.0,6,18.73,48.04491120014681
70.0,8.63333333333333,9,19.71148148148148,39.61659259259259
20.0,10.5,17,20.33000000000001,37.90703703703704
40.0,9.6,13,19.71111111111111,40.5150558609227
40.0,4.5,3,18.41827160493828,53.23827160493826
60.0,12.0166666666667,20,15.09671619910162,40.67666666666666
50.0,5.0,8,18.35592592592592,41.13555555555557
110.0,16.5,20,19.97821340707209,31.62944973544973
50.0,3.18333333333333,22,18.327407407407414,40.164814814814825
40.0,-3.466666666666669,0,17.214814814814808,42.448518518518526
50.0,0.866666666666667,22,17.97111111111111,46.17086126583907
50.0,4.23333333333333,2,17.895185185185188,35.83351851851853
140.0,9.1,17,19.369629629629635,37.31962962962962
30.0,7.8,2,18.176666666666662,46.07296296296295
50.0,10.4333333333333,16,18.91461232410842,35.97685185185185
40.0,0.716666666666667,6,16.840740740740742,43.62800000000001
100.0,5.1,20,18.90111111111111,41.56999999999999
60.0,17.5666666666667,14,21.8231216931217,30.77661375661376
40.0,5.16666666666667,8,18.12575236239459,52.71431512018195
30.0,3.333333333333329,23,17.228888888888886,43.62814814814816
60.0,2.7,23,19.704973544973548,41.36494647153282
60.0,5.8,14,18.62269841269842,35.36947089947089
50.0,9.35,3,21.58149203610739,39.79587962962963
100.0,8.3,20,20.29640211640212,39.35851851851851
90.0,3.2,22,17.71472222222222,59.64044796926416
60.0,9.7,11,18.91179012345679,53.90987654320988
60.0,-2.8,2,17.060370370370375,43.104814814814816
80.0,17.8,15,21.480370370370377,37.11502645502645
40.0,6.5,11,16.639197530864195,52.45901234567901
40.0,2.13333333333333,9,18.769331280366785,39.94222222222221
50.0,6.96666666666667,22,19.611851851851853,38.00044444444445
60.0,0.45,4,17.999259259259254,38.95240740740741
50.0,-4.55,0,14.460908620404725,45.16666666666666
70.0,2.6,16,17.454074074074075,42.18592592592593
40.0,4.96666666666667,5,17.397037037037038,48.088117744211445
30.0,4.45,14,18.45259259259259,37.67074074074074
70.0,13.3833333333333,15,20.60222222222222,40.83740740740741
40.0,8.4,7,16.681790123456803,53.39796296296296
50.0,1.2,9,17.211851851851847,41.05796296296297
50.0,10.2,5,17.7220987654321,52.36660493827161
70.0,4.6,22,19.08018518518518,49.69456790123456
40.0,0.9,23,17.722962962962967,39.327316442847184
20.0,8.0,6,18.922716049382714,53.042716049382726
50.0,9.86666666666667,19,17.319074074074067,53.772777777777776
40.0,9.71666666666667,2,20.189587216745974,51.8570987654321
50.0,7.416666666666669,11,18.812222222222225,35.75407407407407
100.0,10.5666666666667,13,19.032888888888884,54.62109197417832
50.0,2.86666666666667,10,16.75148148148149,44.24259259259259
60.0,6.1,16,18.824444444444435,40.1668291895648
40.0,-0.866666666666667,22,15.37359688644606,37.80324236877311
30.0,9.21666666666667,4,18.965185185185177,47.87598245102284
30.0,9.733333333333327,19,17.316790123456787,53.8507098765432
70.0,8.449999999999998,17,18.922592592592583,33.9174074074074
20.0,9.05,8,17.69518518518519,52.653333333333336
50.0,9.26666666666667,3,18.987777777777776,47.95783430287468
120.0,5.3333333333333295,21,19.826666666666668,44.372962962962966
50.0,12.85,3,20.383333333333333,46.88222222222222
50.0,3.666666666666672,2,15.903333333333332,49.98191358024692
130.0,5.93333333333333,14,18.3852380952381,36.47
40.0,13.3,2,20.52,41.68052515161887
80.0,10.6666666666667,14,19.105555555555554,49.07561728395061
60.0,8.86666666666667,21,20.446296296296296,34.45391534391535
60.0,0.8,4,18.45074074074073,41.86796296296296
40.0,3.7,6,16.944074074074077,42.20481481481482
40.0,5.1,8,19.40855324074073,44.151215277777766
50.0,0.6,6,17.150000000000002,43.46333333333333
90.0,7.03333333333333,17,19.18925925925925,34.522222222222226
80.0,6.06666666666667,16,18.78162962962963,43.46661375661376
50.0,1.33333333333333,0,18.32962962962963,48.757654320987655
140.0,4.23333333333333,11,17.445555555555543,36.041851851851845
50.0,11.9833333333333,5,20.272222222222226,46.46111111111111
50.0,-0.0333333333333333,9,15.195370370370362,46.01969135802469
90.0,0.633333333333333,21,16.42743827160494,44.07237654320986
100.0,9.93333333333333,18,20.342962962962964,40.03207407407408
30.0,-0.8333333333333329,6,17.167777777777772,41.0762962962963
50.0,3.7,15,14.262866550935543,51.4530371767951
50.0,3.5,15,17.381481481481476,36.91518518518519
90.0,8.5,12,16.86208735937947,33.47539682539682
40.0,-1.8,2,17.81570499907035,52.74816075922971
130.0,7.3,9,19.514074074074063,41.51703703703704
40.0,9.8,19,22.43870909948333,53.83845679012345
50.0,0.4,8,16.64629629629629,40.93433862433862
60.0,9.6,11,20.760962962962957,33.39185714285715
50.0,1.3,2,18.67888888888889,41.4437037037037
60.0,9.9,6,20.486296296296292,46.88185185185184
70.0,6.51666666666667,13,19.12870370370371,49.760382981451926
40.0,8.05,0,17.519259259259258,52.990061728395055
50.0,1.26666666666667,11,18.91598163929053,40.96724867724867
90.0,6.43333333333333,17,17.542962962962957,37.28703703703703
60.0,2.333333333333329,0,18.665555555555557,36.27296296296298
50.0,-0.9,6,17.05740740740741,43.266666666666666
140.0,4.383333333333329,12,18.243580246913577,46.34049382716049
60.0,5.4,17,20.228621601608893,33.71037037037038
50.0,9.01666666666667,22,17.14611111111111,50.55666666666667
40.0,1.2,7,17.128888888888884,43.64
50.0,10.65,23,20.77185185185185,43.95055555555555
110.0,6.633333333333329,12,19.165000000000006,38.17175925925925
50.0,0.15,4,17.190740740740743,40.57422222222223
50.0,5.8333333333333295,23,17.07222222222222,50.00000000000001
60.0,10.6833333333333,2,20.707037037037036,35.90740740740741
50.0,4.68333333333333,22,18.78398148148148,39.7300925925926
60.0,8.599999999999998,14,20.78518518518519,35.012005291005295
70.0,1.6,4,18.949907407407405,35.992562188655896
70.0,2.7,11,17.56222222222222,42.36444444444444
50.0,6.7,6,17.039259259259254,46.10227513227514
50.0,9.533333333333328,13,19.8674074074074,32.35074074074073
70.0,3.5,8,17.980555555555558,42.99574074074074
170.0,5.0,12,18.731543209876545,49.06712962962963
100.0,9.8,16,19.187037037037037,34.612222222222215
100.0,5.9,21,15.738209876543204,51.84030864197533
120.0,8.76666666666667,19,14.732515048806825,38.83074074074075
70.0,5.56666666666667,6,18.93222222222222,43.2862962962963
50.0,6.5,22,17.683350167120235,43.42157407407407
60.0,6.9,23,19.12444444444445,40.12037037037037
90.0,18.5,17,21.52592592592592,39.74814814814815
40.0,1.78333333333333,1,16.333273006626417,41.54828703703704
50.0,-0.5166666666666672,10,16.519166666666667,40.37207407407407
50.0,0.0,5,16.585555555555555,44.72740740740741
40.0,7.01666666666667,0,14.10447272076449,38.07540044044082
60.0,12.8333333333333,14,21.4842328042328,31.10520004073077
50.0,3.8,4,18.99525925925926,43.14214814814816
60.0,6.1,2,19.265185185185185,43.65851851851851
90.0,6.66666666666667,15,19.26148148148147,35.12925925925926
60.0,5.15,14,17.511481481481482,49.55888888888887
50.0,4.65,4,17.0563131300832,39.4400925925926
50.0,9.6,21,17.222592592592587,53.91722222222223
50.0,0.25,2,17.78074074074074,40.1388888888889
40.0,-4.7,6,18.06073437099628,53.46275939901732
50.0,0.75,8,19.39449462415338,38.454166666666666
80.0,8.91666666666667,11,20.389259259259266,44.08148148148149
70.0,6.5,22,19.43703703703703,39.61830292939664
30.0,-2.63333333333333,10,16.47796296296296,47.75055555555556
50.0,1.03333333333333,23,17.749629629629627,42.72407407407408
70.0,3.333333333333329,9,19.641553502589,50.57385802469136
60.0,11.8,1,21.875555555555557,38.18879629629629
60.0,13.7,1,19.385555555555555,42.46518518518519
60.0,5.6,7,17.45795220911829,40.69809523809525
70.0,9.96666666666667,4,20.43148148148148,36.194
60.0,13.2833333333333,10,21.56328042328042,37.13616931216931
50.0,7.1,3,20.011111111111106,38.91064911768952
50.0,12.55,9,19.75555555555556,44.62185185185184
100.0,6.03333333333333,19,17.956059137492563,45.35164550012834
50.0,2.3,22,17.58148148148148,40.90259259259258
70.0,6.0,13,20.588306878306884,38.07433862433862
90.0,4.8,18,18.439259259259263,42.9125925925926
60.0,1.41666666666667,9,17.943333333333335,49.795555555555545
80.0,4.06666666666667,7,16.874074074074066,46.17950030536713
80.0,5.6,5,19.4424537037037,42.29857111832288
60.0,12.6333333333333,0,20.63666666666667,41.31555555555557
70.0,-5.55111512312578e-17,8,17.16111111111111,40.97583333333333
70.0,5.6,14,18.48061728395062,47.9729012345679
40.0,3.41666666666667,5,18.738571428571436,43.09308994708996
40.0,2.66666666666667,1,18.5875925925926,49.51737654320986
40.0,7.5,11,18.41370370370371,36.54296296296295
100.0,9.8,16,19.156388888888884,34.224444444444444
60.0,5.8333333333333295,22,19.295185185185183,40.66740740740741
50.0,12.5166666666667,3,21.52444444444444,42.50794474981159
60.0,10.9333333333333,0,20.50740740740741,41.92058201058202
60.0,14.1666666666667,12,22.022433862433864,36.415291005291
90.0,3.966666666666669,8,18.85296296296296,39.30037037037036
30.0,4.05,3,15.925648148148149,49.96472222222221
70.0,9.6,16,20.03611111111111,33.073240740740744
80.0,8.699999999999998,21,19.291358024691352,52.20759259259259
100.0,3.5,20,18.950000000000003,32.61079726583766
80.0,17.3,19,22.446660296922207,42.356666666666655
30.0,8.099999999999998,11,20.594067704329596,38.15555555555555
60.0,7.9,22,19.9325925925926,41.0242857142857
40.0,3.55,2,15.894197530864192,49.98259259259259
60.0,7.366666666666669,5,16.984629629629623,53.1311111111111
60.0,5.4,13,20.052371665737017,39.53007407407407
60.0,4.1,15,20.59970165073715,38.07703703703704
50.0,2.833333333333329,4,16.89037037037037,44.66888888888889
60.0,6.65,23,19.76555555555554,42.502592592592606
150.0,13.3,16,21.96975661375662,32.69222222222223
70.0,8.5,13,19.377777777777776,35.03592592592592
60.0,2.25,7,17.91407407407407,43.44129629629629
60.0,-1.8,10,15.29694444444444,47.5985802469136
60.0,5.43333333333333,17,19.125555555555557,32.871111111111105
50.0,2.7666666666666706,8,16.661481481481488,44.48962962962963
40.0,6.4,11,16.58709876543209,52.4843827160494
160.0,6.53333333333333,13,20.49311240647776,47.45103703703703
70.0,5.5,11,17.576111111111118,45.72317989417989
60.0,0.5,3,17.651111111111117,41.82740740740741
110.0,5.21666666666667,20,19.00999999999999,45.6891482879062
70.0,4.41666666666667,14,20.088220169255667,38.15925925925927
30.0,5.4,16,18.17388888888889,39.66777777777778
70.0,8.4,11,19.62537037037036,42.14018518518518
60.0,0.133333333333333,9,16.938592592592595,45.408444444444434
30.0,1.7,8,17.121111111111116,43.79342592592593
50.0,6.8,9,19.1,44.79148148148149
50.0,6.3,7,19.35814814814816,46.16333333333333
100.0,2.63333333333333,6,18.319365079365063,40.347777777777786
50.0,5.66666666666667,15,18.20529100529101,35.95396825396827
100.0,13.55,16,20.572962962962965,41.79222222222222
130.0,6.1,15,18.836666666666662,33.709259259259255
40.0,-1.86666666666667,5,15.35962962962963,47.72234567901234
40.0,1.68333333333333,2,17.957037037037033,44.20488888888889
110.0,6.23333333333333,12,18.935277777777777,36.540370370370354
40.0,3.7,9,16.21487654320988,52.59086419753088
50.0,5.8,4,19.26079365079365,37.86645502645504
60.0,14.8,2,21.744814814814813,38.080296296296304
40.0,0.3,0,17.1515343915344,41.93092063492063
60.0,3.15,15,18.12380952380952,38.077619047619045
50.0,0.633333333333333,3,18.09814814814815,38.57444444444444
100.0,4.3,22,19.05407407407408,49.78388888888888
60.0,6.6,7,19.69562962962963,42.98207407407406
80.0,11.3,13,20.677777777777777,40.02666666666667
50.0,2.81666666666667,6,18.33334391534391,40.34675132275132
30.0,5.1,3,18.6288888888889,34.8278343028747
110.0,8.449999999999998,10,20.09703703703703,39.75074074074074
90.0,8.88333333333333,14,19.228148148148147,45.82899735198021
140.0,4.2,13,17.25111111111111,50.07962962962964
20.0,3.9,14,17.368148148148144,42.02222222222221
70.0,10.8,13,20.527407407407395,39.70935185185184
50.0,9.85,14,18.89370370370371,35.696203703703695
60.0,8.05,0,16.425513166795767,37.90015478124849
60.0,10.5,5,20.511666666666663,46.93055555555556
50.0,-0.166666666666667,1,16.940740740740736,42.4125925925926
40.0,4.8,6,18.38925925925925,38.64703703703703
60.0,13.2583333333333,11,21.08465608465609,31.961269841269843
110.0,8.58333333333333,10,20.45722222222222,40.13581481481482
120.0,16.1,17,22.22518518518517,29.85875132275133
60.0,4.66666666666667,4,18.491111111111117,41.25962962962964
50.0,2.0,4,17.981604938271605,51.12030864197531
60.0,10.3,4,20.55,42.14635282139321
30.0,9.86666666666667,1,15.69211540496458,54.355123456790125
40.0,1.95,0,17.54851851851852,43.9084656084656
50.0,6.883333333333329,7,18.16636490753098,42.7273015873016
40.0,10.0833333333333,3,19.46308641975309,55.57358024691358
110.0,13.45,16,20.406111111111112,31.001981481481486
60.0,13.0333333333333,14,18.32382716049383,48.33722222222221
150.0,2.2,22,18.028024691358024,50.27018518518518
110.0,5.93333333333333,15,18.90611111111111,44.46521604938272
150.0,14.3333333333333,19,21.210370370370374,36.42516402116402
40.0,5.4,3,15.64629629629629,51.625740740740746
60.0,3.2,6,18.726296296296294,43.22222222222222
30.0,-0.666666666666667,6,17.25407407407407,45.61459259259258
100.0,4.7,19,19.228518518518516,35.501666666666665
50.0,7.1,1,17.76345485462093,36.5411216931217
100.0,12.5,13,20.824370370370367,35.17607407407408
60.0,3.56666666666667,15,18.05031550068587,43.82083676268862
30.0,0.55,3,16.784074074074077,43.33888888888888
60.0,3.85,3,18.68703703703704,40.23275132275133
80.0,7.46666666666667,15,19.64962962962964,32.530426895467286
80.0,0.05,10,16.647037037037034,40.63444444444444
50.0,7.16666666666667,7,19.731111111111105,42.45296296296296
50.0,4.53333333333333,1,20.450883513042285,53.04839506172839
50.0,2.833333333333329,1,18.690493827160488,49.64617283950617
110.0,6.55,16,17.427222222222223,37.543888888888894
50.0,9.233333333333327,13,19.562129629629634,37.26064814814816
60.0,6.4,4,19.30555555555556,37.43577777777777
10.0,1.1,6,17.583333333333332,44.78444444444444
80.0,5.65,8,19.500864197530863,43.30444444444444
30.0,11.35,1,20.365185185185176,42.91811111111112
80.0,5.5,12,18.560246913580244,48.64543209876544
40.0,10.9333333333333,15,20.07621885588644,35.317962962962966
30.0,0.566666666666667,2,17.753333333333345,41.61555555555555
40.0,-1.33333333333333,17,16.340925925925927,46.76918871252205
130.0,9.33333333333333,19,20.499629629629617,42.620444444444445
140.0,6.16666666666667,13,18.049166666666665,45.08833333333333
60.0,3.5,7,19.342222222222222,38.62148148148149
40.0,5.8,14,18.31703703703704,36.94439153439152
110.0,5.75,16,18.820679012345675,44.344876543209885
60.0,12.1333333333333,15,21.005555555555556,36.49888888888889
60.0,0.566666666666667,9,17.36222222222222,42.09666666666666
60.0,2.6,6,18.178024691358026,49.72469135802469
40.0,0.7,2,18.008518518518517,49.5625925925926
50.0,11.7166666666667,11,20.661111111111108,34.591415343915344
50.0,0.35,3,18.859209152518048,44.940000000000005
30.0,2.833333333333329,5,18.68851851851851,43.82777777777778
60.0,1.78333333333333,4,18.04259259259259,49.9720987654321
80.0,6.96666666666667,17,19.229629629629624,34.64703703703705
90.0,5.633333333333329,19,19.31111111111111,40.65460317460318
50.0,0.4333333333333329,6,17.65962962962963,50.07777777777779
110.0,7.3,18,20.20907407407408,34.29333333333334
60.0,9.8,1,19.32259259259259,50.80185185185184
60.0,6.0,17,18.78468253968254,38.96152054560689
40.0,8.5,16,16.21703703703703,49.57123456790124
60.0,7.0,14,17.538641975308643,48.37051851851852
50.0,7.15,0,19.94962962962963,43.80814814814814
50.0,3.54444444444444,1,17.966851851851843,35.25425925925925
70.0,4.9,9,17.05092592592591,40.83833333333334
100.0,5.66666666666667,21,18.32074074074073,36.57722222222222
60.0,-1.36666666666667,5,15.482592592592589,47.89709876543209
50.0,8.233333333333329,0,20.492592592592587,34.67788359788359
50.0,8.099999999999998,3,19.03981481481481,50.89895061728394
50.0,4.0,2,19.85121419420149,51.64098765432099
50.0,4.76666666666667,23,18.16555555555556,44.07032125305685
60.0,13.4166666666667,21,21.16518518518519,40.8274074074074
40.0,4.0,9,18.549092744465373,52.52654320987656
60.0,2.833333333333329,23,17.057102295960966,35.72703703703704
120.0,2.81666666666667,12,18.32444444444444,52.22581495457288
120.0,8.66666666666667,20,21.61927792965056,36.39185185185184
60.0,10.2666666666667,1,18.648535352305416,43.76666666666667
50.0,14.7666666666667,15,21.62518518518519,41.64660507802965
50.0,4.66666666666667,6,18.362592592592595,40.71962962962964
50.0,1.2,4,17.37444444444444,41.76925925925926
100.0,5.05,16,18.9,36.93851851851852
40.0,2.35,2,17.585925925925924,41.20666666666667
60.0,5.883333333333329,11,18.655555555555555,34.909259259259265
40.0,8.36666666666667,22,20.255555555555556,42.60703703703703
40.0,12.0,14,20.255555555555546,35.212592592592586
50.0,5.8333333333333295,7,18.94851851851852,43.61407407407408
100.0,7.8,10,20.816944444444445,34.72973544973544
50.0,8.3,14,16.25024691358024,49.07666666666666
60.0,6.43333333333333,16,19.96259259259259,36.65932275132275
50.0,7.16666666666667,6,18.7520987654321,52.88827160493828
50.0,7.983333333333332,22,19.88962325988517,47.64537037037037
60.0,10.0,19,19.858888888888888,38.78888888888889
90.0,9.76666666666667,16,19.87777777777778,33.792592592592584
60.0,7.4,22,18.684444444444445,50.24814814814815
40.0,4.36666666666667,6,15.526805021741174,44.19037037037037
50.0,4.4,4,17.177654320987656,52.03172839506172
60.0,5.5,11,20.13348277684813,35.22814814814813
40.0,-0.733333333333333,3,15.51858024691359,46.016296296296304
30.0,3.4,0,17.196666666666655,43.73777777777778
40.0,1.76666666666667,23,18.25351851851852,39.67972222222222
70.0,1.8,1,19.14444444444445,38.501417989418
110.0,2.56666666666667,12,19.947927221292577,46.85611111111111
70.0,6.3,9,19.869259259259263,46.150296296296304
80.0,13.75,11,21.75953703703703,30.81351851851852
50.0,10.4666666666667,22,20.971904761904767,39.170148148148144
50.0,6.26666666666667,1,19.49592592592593,46.97302469135802
30.0,0.7833333333333331,1,17.571851851851857,39.89978835978836
50.0,5.7,2,19.169259259259256,42.77402116402117
50.0,7.0,16,18.415608465608468,44.66652676039358
50.0,5.23333333333333,4,19.97851851851851,36.434126984127
50.0,3.06666666666667,5,17.678888888888885,50.50074074074072
60.0,10.75,23,20.7608024691358,43.4242901234568
50.0,7.75,1,20.231428571428577,43.39051851851852
50.0,6.3333333333333295,17,16.69372847399854,40.02883597883599
60.0,6.3,0,19.28,41.02731644284717
60.0,9.93333333333333,5,19.069915343915344,49.88862433862433
30.0,7.95,23,17.628395061728398,53.07185185185185
50.0,-1.25,12,16.65481481481481,47.70475308641976
70.0,6.3,9,20.3374074074074,37.98020105820106
80.0,8.63333333333333,5,19.771944444444443,41.703796296296304
50.0,14.1833333333333,11,21.126296296296296,31.82994708994709
40.0,-0.4,2,17.373312959633584,45.64932098765431
50.0,10.9666666666667,0,21.004074074074072,36.03874074074076
60.0,-3.4,6,16.549999999999997,46.59921550387679
100.0,9.6,11,19.892222222222223,33.21666666666667
60.0,6.86666666666667,0,19.374021164021155,36.33502645502645
20.0,5.76666666666667,0,15.505633923483096,49.887962962962966
70.0,10.55,13,19.13592592592592,52.59166666666668
30.0,17.3333333333333,13,22.28687830687831,27.68370370370369
40.0,4.45,8,14.609799878233307,52.61851851851852
50.0,4.6,2,18.86529100529101,40.22121693121693
100.0,10.7,19,19.055987654320983,48.75722222222224
100.0,13.0333333333333,19,20.57333333333333,31.4161111111111
80.0,8.83333333333333,12,19.89185185185185,29.76313639811421
50.0,10.65,8,18.58888888888889,51.16931216931218
80.0,6.16666666666667,16,19.55150015187278,42.71888888888888
50.0,-0.3,5,17.82703703703703,39.21925925925927
80.0,4.6,16,18.60873015873016,42.32954497354498
70.0,7.349999999999999,6,21.131183132218627,43.7025925925926
120.0,8.0,8,20.823227513227508,32.51973544973546
40.0,6.01666666666667,7,15.48,52.080308641975314
50.0,1.16666666666667,0,18.01444444444444,40.63629629629631
80.0,7.3,13,19.59083333333333,43.29425925925926
50.0,10.0,1,20.30333333333333,39.830370370370375
50.0,8.3,14,16.258765432098766,48.8362962962963
20.0,-1.26666666666667,1,17.452962962962967,44.17074074074075
30.0,5.2,4,19.098888888888887,38.41869195366976
40.0,-1.7,8,15.520598816991969,50.23442094028778
50.0,8.36666666666667,10,20.624444444444443,36.13859259259259
40.0,10.6666666666667,0,20.385925925925925,39.98164021164021
160.0,6.15,16,17.486111111111104,52.70308641975308
40.0,0.366666666666667,2,18.822542485851383,43.09590476190477
70.0,-2.4,8,15.050030864197526,44.76689814814815
60.0,8.33333333333333,23,19.80851851851852,41.39472222222222
50.0,8.26666666666667,13,19.11333333333333,54.01234567901236
40.0,0.416666666666667,5,16.2075752870714,46.01024737384108
30.0,6.3,12,18.92851851851852,36.57481481481481
50.0,0.0,1,19.77699462415338,50.326296296296285
160.0,3.38333333333333,15,18.89055555555556,48.78203703703703
40.0,3.85,5,17.895654761904765,48.37994907882077
50.0,0.45,16,15.400555555555554,50.75100013975806
30.0,2.8,23,16.24035614570532,40.90074074074074
110.0,12.5166666666667,19,21.28240740740741,32.638666666666666
70.0,8.9,3,19.66074074074073,40.92962962962963
50.0,5.76666666666667,3,20.53565863864593,43.212433862433855
50.0,2.16666666666667,5,18.03361111111111,40.60907407407407
40.0,4.8,4,16.312575287071397,36.04907407407408
80.0,4.93333333333333,16,18.123703703703697,41.32444444444445
50.0,3.75,10,19.857426077798703,50.19929012345679
50.0,4.9,5,18.46703703703704,40.88925925925928
40.0,-0.866666666666667,4,15.48320987654321,46.123580246913576
40.0,4.65,22,17.829444444444444,42.06935185185185
40.0,4.7,3,16.022485775334953,35.97185185185185
70.0,7.733333333333332,16,19.45861111111111,36.99
90.0,5.16666666666667,21,18.319629629629624,39.44111111111111
30.0,-0.8,4,15.48179012345679,46.09574074074074
70.0,13.8,14,20.74259259259259,40.83694444444445
40.0,11.8,5,17.518905722675797,45.34944444444445
130.0,16.35,19,21.690370370370363,32.369277777777775
70.0,3.466666666666669,15,17.387777777777778,42.25777777777778
50.0,6.93333333333333,0,17.333720537490606,40.75037037037038
50.0,0.766666666666667,4,19.62938633547998,47.76592592592593
30.0,3.716666666666669,1,17.39,51.48978395061728
70.0,6.5,8,19.40777777777778,42.99948148148149
50.0,9.43333333333333,4,20.49148148148148,43.05027715936351
40.0,5.73333333333333,3,14.287064081799745,51.7791975308642
50.0,1.1,5,18.888835978835974,37.27050096954137
40.0,8.3,3,18.95950617283951,54.604691358024695
30.0,0.883333333333333,3,17.815432098765438,41.95796296296297
50.0,10.3,10,21.05227513227513,35.15544973544973
70.0,2.1,17,17.79611111111111,38.30064814814816
60.0,-0.1,5,17.46111111111111,39.6762962962963
50.0,9.8,2,18.203765432098766,51.82493827160494
70.0,2.16666666666667,4,19.23888888888889,39.29611111111111
60.0,1.2,2,18.874516465551967,41.559629629629626
80.0,5.0,14,17.352962962962966,42.89185185185188
120.0,8.3,16,17.611651730085157,39.244814814814816
60.0,12.9166666666667,22,20.832031746031756,42.59389417989418
50.0,4.2,4,15.944382716049384,55.08322328357512
50.0,11.0666666666667,2,19.36641975308642,49.28333333333333
90.0,9.1,9,21.144166666666667,32.6297142857143
20.0,0.533333333333333,15,16.340740740740745,46.30851851851852
40.0,3.2,2,19.66664991239752,49.95154320987655
50.0,4.6,0,23.211733790841365,43.10833333333333
80.0,10.9666666666667,22,17.948535324928475,45.55318064037804
50.0,9.8,15,18.70740740740741,48.298783068783074
50.0,3.0,4,18.07333333333333,50.97779364827651
50.0,9.35,3,20.39666666666666,45.867851851851846
70.0,6.6,13,19.120370370370363,45.55697530864198
40.0,-3.13333333333333,6,16.584444444444458,44.63111111111112
50.0,2.466666666666669,16,18.13814814814814,41.87444444444444
30.0,9.033333333333328,10,19.513703703703698,37.62185185185185
30.0,4.76666666666667,4,18.848253968253967,42.75544973544973
50.0,3.61666666666667,11,17.52074074074074,39.08666666666666
90.0,7.03333333333333,13,18.73908456457186,38.35333333333333
20.0,-1.13333333333333,4,14.296498287891426,42.52892138111879
60.0,0.233333333333333,2,18.123148148148143,37.82101851851853
40.0,-2.8,3,17.277777777777775,40.26666666666667
60.0,0.733333333333333,1,17.49296296296296,40.09511111111111
40.0,6.3,8,19.36592592592592,46.10333333333333
50.0,5.75,11,17.715925925925923,43.77550723419239
100.0,4.15,9,19.299722222222226,42.91499999999999
120.0,8.599999999999998,21,19.801481481481478,36.32740740740741
40.0,-4.36666666666667,5,15.57888888888889,46.743148148148144
90.0,6.1,18,18.324027777777776,51.069255288488144
30.0,1.0,2,17.604444444444443,42.36555555555555
50.0,10.1333333333333,1,21.28723384387607,55.51141975308642
120.0,12.0333333333333,21,20.89629629629629,49.25198871567388
60.0,3.9,2,18.546931216931213,53.92847821756457
70.0,1.8,7,18.882222222222214,41.956592592592585
50.0,11.9,7,19.103703703703697,45.821851851851854
110.0,6.9,15,17.242037037037036,37.90703703703704
50.0,10.6833333333333,0,20.44851851851852,42.68866666666666
120.0,-3.6,22,16.130555555555553,44.51901234567901
110.0,14.7166666666667,18,21.71100529100529,39.52861375661377
50.0,4.03333333333333,4,18.977777777777774,43.18333333333333
50.0,5.8,0,19.15,41.05851851851852
80.0,9.26666666666667,20,19.93962962962963,36.53888888888888
50.0,5.73333333333333,23,19.55851851851851,42.99814814814816
50.0,8.55,6,20.170462962962965,37.8314074074074
110.0,8.099999999999998,12,18.669259259259253,38.16185185185184
80.0,5.8,17,20.483460409554063,43.432931216931216
60.0,10.7,23,14.831774308066096,43.61703703703703
110.0,4.5,20,20.880289926551832,34.78960846560847
40.0,4.9,21,16.974814814814813,49.520370370370365
50.0,9.43333333333333,13,19.584444444444443,36.93370370370369
40.0,11.0666666666667,17,21.529756705850343,35.524074074074086
20.0,2.35,23,17.7711111111111,44.089365079365066
60.0,0.8,23,17.271798941798945,41.51987301587302
80.0,5.51666666666667,6,18.972222222222214,43.13
40.0,-4.7,8,15.32317620650954,46.41731200897866
60.0,4.7,4,18.34999999999999,53.23148148148148
40.0,6.65,10,16.169259259259253,48.39604938271605
60.0,11.25,16,19.920740740740744,35.702592592592595
40.0,5.5,23,17.06847222222222,50.29624999999999
20.0,9.633333333333328,9,20.92703703703705,36.56962962962962
90.0,7.8,16,17.69654320987654,53.44166666666667
60.0,12.1,4,20.298148148148154,47.34759259259258
60.0,5.2,3,18.60518518518519,40.91407407407408
80.0,10.8,10,20.9037037037037,41.42925925925928
40.0,3.9,5,17.61,44.75907407407406
50.0,4.05,11,17.923765432098758,46.66040123456789
50.0,3.65,14,17.870899470899477,38.95391534391534
20.0,5.9,6,15.121728395061735,49.5495061728395
50.0,4.3,9,18.021445739811096,52.51586419753086
40.0,1.91666666666667,17,18.015925925925924,41.87111111111111
60.0,11.9,13,20.76296296296297,38.63111111111112
60.0,11.2,0,20.48518518518519,42.18233333333333
50.0,2.43333333333333,6,17.632654320987655,48.79135802469135
40.0,-1.66666666666667,1,15.96691358024691,51.42594389893853
20.0,8.349999999999998,9,18.68490740740741,52.40037037037037
20.0,3.5,3,16.975925925925925,44.39935185185186
80.0,4.1,9,18.51691358024692,52.29765190069026
150.0,7.599999999999999,13,19.16,33.79185185185187
60.0,2.43333333333333,5,17.283086419753083,49.393518518518526
50.0,8.78333333333333,7,20.19993190186048,54.67518518518519
60.0,4.3,16,18.82555555555556,35.45537037037037
50.0,3.0,23,18.52444444444444,38.59666666666666
80.0,16.1,16,21.779788359788363,34.850105820105824
50.0,7.06666666666667,3,16.93770320459246,51.59786772235057
50.0,1.6,9,17.249629629629624,41.06888888888889
60.0,16.7,16,21.82629629629629,35.57296296296296
50.0,1.8,0,17.931111111111107,41.709259259259255
100.0,5.18333333333333,9,18.38444444444444,42.354814814814816
50.0,10.65,0,19.242222222222225,51.02
70.0,10.9,0,20.695185185185174,43.3
30.0,-4.8,1,17.400843823831117,45.58203703703703
100.0,12.4666666666667,19,21.45888888888889,34.51888888888889
70.0,11.8,15,20.924444444444443,42.27587760456277
50.0,8.8,11,18.7725925925926,50.929135802469126
60.0,1.5,0,18.94810573526449,41.35777777777778
50.0,3.4,13,17.498444444444445,37.83706878306877
40.0,7.233333333333332,14,15.625661706824474,49.88155555555555
60.0,9.8,15,17.59541479324423,52.4332098765432
130.0,2.93333333333333,13,18.43407407407408,46.4074074074074
80.0,11.0,11,20.815,40.97731481481481
70.0,5.11666666666667,6,19.97883597883597,36.61910052910052
40.0,-3.9,9,15.166049382716052,45.90975308641973
70.0,11.8833333333333,8,19.256851851851856,45.80555555555556
50.0,7.16666666666667,9,18.93851851851852,41.37240740740741
50.0,8.349999999999998,21,19.723439153439145,41.93597222222223
120.0,13.3166666666667,19,21.40481481481482,44.14944444444444
80.0,4.91666666666667,17,18.35281481481481,42.15785185185184
50.0,8.599999999999998,12,19.222962962962963,45.54259259259258
50.0,10.9,16,17.554999999999996,51.514135802469134
40.0,9.76666666666667,13,22.097830779924426,37.14622222222222
50.0,3.36666666666667,1,18.94599794703344,43.70296296296297
70.0,10.0333333333333,14,20.568148148148143,41.30318518518519
50.0,2.1,4,18.373703703703708,37.62111111111111
140.0,4.8,21,19.08425925925925,50.57395061728394
60.0,9.1,21,17.12833333333333,50.0862962962963
80.0,12.9166666666667,15,20.580740740740747,40.9725925925926
30.0,6.28333333333333,2,18.78407407407407,40.91407407407407
50.0,0.4,4,17.995555555555555,38.99592592592592
80.0,4.133333333333329,12,16.044461278231346,41.88222222222223
30.0,0.85,0,17.63460317460318,42.39409351830941
30.0,6.26666666666667,1,19.441111111111116,43.68574074074075
20.0,8.43333333333333,15,16.258086419753088,49.3387037037037
60.0,1.63333333333333,3,19.04529100529101,41.8537037037037
50.0,5.4,22,17.03710648148148,50.22033389450056
50.0,0.266666666666667,2,17.33518518518519,43.16555555555554
50.0,-0.3,23,16.160925925925923,44.84172839506172
40.0,9.633333333333328,22,17.850987654320985,48.04490786766824
100.0,7.18333333333333,21,20.2174074074074,40.48604232804234
70.0,7.0,9,20.000952380952388,44.93137566137565
40.0,0.4,5,15.371374664223842,49.263285011970176
40.0,9.85,16,17.694074074074067,50.41543209876543
30.0,7.349999999999999,5,17.918148148148145,44.779629629629625
50.0,-0.5,17,16.14172839506173,45.64777777777776
40.0,5.8,9,16.031111111111112,48.70907407407407
50.0,3.9833333333333294,0,19.56666666666667,41.89333333333333
60.0,6.75,23,19.81,42.39444444444444
60.0,6.3,8,19.41444444444444,46.125925925925934
30.0,5.3333333333333295,16,18.16694444444444,39.62972222222223
40.0,-0.75,17,16.062222222222225,45.35854938271605
120.0,8.93333333333333,16,21.12032026362916,30.35296296296296
60.0,1.6,6,17.648086419753085,47.47783950617283
50.0,8.233333333333329,3,17.301635802469132,48.84527940581015
90.0,5.0,17,18.354814814814816,42.16343915343915
100.0,9.06666666666667,15,19.18,31.95851851851852
50.0,10.8,12,20.49328042328042,40.274423280423285
40.0,7.9,12,16.260493827160495,48.5917901234568
60.0,8.25,23,19.31481481481481,40.57481481481482
60.0,5.5,2,19.02777777777778,41.11814814814815
50.0,0.266666666666667,0,18.03703703703705,44.85432804232804
70.0,5.91666666666667,9,18.077777777777776,41.58694444444445
20.0,4.7,1,15.147592592592591,48.45944444444443
70.0,3.9333333333333296,13,18.15425925925925,39.46555555555556
50.0,0.166666666666667,6,16.47555555555556,44.60185185185185
60.0,2.91666666666667,23,18.90395061728394,49.36407407407408
50.0,6.5833333333333295,5,19.57444444444444,46.50740740740739
110.0,13.7333333333333,17,20.591481481481477,41.529629629629625
70.0,8.66666666666667,10,21.187357300666196,33.277222222222235
40.0,4.95,5,17.38777777777778,52.91592592592592
50.0,7.25,8,17.99940976081208,35.42696296296296
120.0,4.73333333333333,13,18.971481481481483,49.43345679012346
130.0,7.3333333333333295,13,15.835202018972094,49.03201388888888
100.0,10.55,14,18.86621675938283,38.05524867724868
50.0,2.466666666666669,6,17.632345679012346,48.79475308641975
50.0,6.65,7,16.832592592592587,52.540802469135805
50.0,2.7,0,18.374444444444443,40.79314814814816
70.0,2.7,4,17.80370370370371,43.96048207712656
60.0,9.75,19,17.928518518518512,49.80993827160493
40.0,0.1,3,17.296666666666667,43.29222222222224
50.0,6.46666666666667,23,19.361481481481484,44.09296296296296
40.0,4.68333333333333,4,18.50055555555555,41.314166666666665
60.0,12.8,9,19.88629629629629,44.19759259259259
50.0,10.1,11,18.28141781758389,36.88972222222223
30.0,7.599999999999999,4,18.03666666666667,45.89416666666667
50.0,10.7,0,20.388253968253967,40.024317460317455
60.0,6.4,8,19.057345679012343,44.65858024691359
40.0,9.96666666666667,1,17.177407407407408,54.35030864197531
100.0,9.6,17,18.81539682539682,49.519417989418
50.0,7.4,21,19.716111111111108,37.192433862433866
30.0,4.5,5,15.959938271604935,49.8825925925926
170.0,6.85,12,18.83936507936508,47.65415343915343
110.0,9.96666666666667,12,21.268472222222226,39.054138888888886
60.0,10.7333333333333,14,19.117407407407395,49.57172839506172
50.0,2.1,12,17.21242328042329,41.22261904761904
40.0,9.35,4,20.48037037037037,38.60466931216931
80.0,3.1,16,15.646548832044946,37.8125343915344
70.0,7.0,4,19.74185185185185,46.68703703703704
50.0,4.86666666666667,5,16.79516787966399,38.43953703703704
20.0,6.5,7,16.893703703703707,52.6504938271605
50.0,9.6,5,20.25925925925925,45.98291005291005
60.0,4.96666666666667,7,18.35592592592592,46.89285199160992
90.0,12.45,19,21.20042929292929,42.41330808080806
60.0,5.68333333333333,0,19.508888888888887,42.87037037037036
50.0,1.05,3,17.81518518518519,49.95777777777778
50.0,5.66666666666667,12,17.003888888888884,46.1587962962963
40.0,-4.96666666666667,3,20.705361735739373,45.225586419753085
60.0,3.56666666666667,17,18.31259259259259,45.91160493827161
20.0,-2.36666666666667,1,17.55851851851851,44.430241046107874
160.0,9.133333333333328,12,20.301851851851843,38.738086419753074
90.0,0.75,10,17.861481481481484,43.353321583299405
60.0,18.0,11,22.977222222222224,33.92600529100529
80.0,10.7,12,20.668888888888887,40.451388888888886
40.0,8.21666666666667,10,19.22074074074073,35.132006633100346
90.0,6.3,16,18.69561728395062,48.55129629629628
50.0,14.4916666666667,11,19.67604855244169,31.813492063492063
60.0,5.15,6,18.720370370370365,43.04325925925926
70.0,3.06666666666667,22,19.38722222222222,46.28484325871497
60.0,7.4,16,18.831604938271603,53.4604938271605
40.0,17.3333333333333,14,20.066152006648096,31.10853968253968
30.0,11.1,14,20.688888888888886,35.69359197417833
50.0,4.95,0,17.98222222222222,40.24148148148148
60.0,-0.5,7,17.01518518518518,41.94777777777777
80.0,7.3,10,19.86092592592592,43.60907407407407
70.0,4.0,7,18.712777777777777,43.33777777777778
60.0,9.2,13,19.33222222222222,34.77777777777781
40.0,10.4833333333333,0,19.164497354497367,51.04492063492064
60.0,4.46666666666667,2,18.40148148148148,53.07950617283949
90.0,5.6,14,18.65777777777777,50.52185185185184
50.0,6.66666666666667,13,16.940370370370374,44.80925925925927
60.0,12.0666666666667,4,21.527555555555555,42.38683363870047
100.0,2.4,20,20.099177157164448,44.230123456790125
100.0,2.7666666666666706,19,18.25898148148148,42.20679629629629
50.0,3.2,6,17.616296296296298,50.21148148148147
50.0,-1.11666666666667,7,18.283290920449684,43.66121693121693
40.0,2.45,21,16.21506172839506,50.17962962962962
50.0,-0.5,5,19.262497269656016,45.50875661375661
80.0,1.06666666666667,22,17.318359788359786,41.04407407407408
60.0,6.98333333333333,14,16.053028221886898,48.20544444444444
30.0,0.65,3,15.337424241194308,42.08259259259258
70.0,6.65,12,18.876481481481477,36.88212962962964
40.0,8.699999999999998,5,16.79666666666668,51.747407407407415
50.0,1.75,22,18.17148148148148,47.84481481481481
100.0,10.3,15,21.390555555555554,38.07385185185184
50.0,-3.7,9,16.388580246913584,47.71512345679014
50.0,4.133333333333329,6,17.020617283950617,52.17040123456791
30.0,-0.3833333333333329,3,17.927777777777784,38.29222222222221
50.0,13.0,15,18.425679012345668,51.79184943155447
40.0,6.56666666666667,5,15.600555555555555,51.96802469135803
60.0,8.18333333333333,15,19.04370370370371,35.9737037037037
90.0,6.16666666666667,10,19.98657407407408,42.03703703703703
30.0,7.0,22,19.80148148148148,39.5985333740641
60.0,5.2,17,18.50962962962963,33.8174074074074
50.0,2.36666666666667,6,19.815257206292703,43.200740740740734
100.0,8.41666666666667,10,20.31037037037037,45.50629629629629
50.0,4.6,4,18.957685185185188,39.39666666666666
100.0,7.46666666666667,18,16.104394824230578,34.22407407407407
120.0,4.75,9,17.71305147754758,39.91634920634922
90.0,4.0,17,18.585050835148863,44.47714960058099
50.0,9.18333333333333,10,16.9104938271605,52.20944444444443
50.0,4.03333333333333,19,17.563333333333333,41.81913227513228
40.0,10.1,2,20.541851851851845,43.86037037037036
70.0,2.66666666666667,10,17.567654320987653,45.79586419753085
60.0,10.0,3,20.38222222222222,43.94407407407408
60.0,0.566666666666667,19,17.48701058201058,39.51112962962964
50.0,6.1,2,19.52777777777777,43.99
100.0,3.2,21,15.871668261693015,38.7
70.0,15.4166666666667,23,20.88148148148148,44.281851851851854
50.0,1.95,16,20.175204500696584,44.66558641975309
50.0,8.3,23,19.29185185185184,40.56814814814814
80.0,2.38333333333333,16,18.52499999999999,44.19864197530863
40.0,10.25,2,18.892962962962955,51.16518518518519
60.0,5.98333333333333,3,21.29592280982485,42.76392156862745
60.0,11.8666666666667,1,20.791111111111107,35.959166666666675
30.0,8.06666666666667,4,16.910123456790124,53.943333333333335
50.0,5.45,5,19.019629629629637,43.06185185185184
40.0,9.36666666666667,5,19.300370370370366,55.59
150.0,9.15,16,20.82528826827556,37.23407407407408
50.0,2.53333333333333,8,18.697777777777773,48.147684566770906
90.0,6.2,10,18.098148148148155,41.32037037037036
110.0,7.9,17,19.737777777777776,35.72666666666665
120.0,9.18333333333333,20,20.388095238095243,41.591719576719576
40.0,-1.8,11,16.59419753086419,47.79160493827161
60.0,4.7,13,17.454074074074068,49.91925925925926
30.0,-4.1,4,15.732469135802477,47.14635802469135
80.0,5.2,23,17.719485799139765,51.42543209876543
50.0,2.75,4,17.766296296296296,50.510000000000005
60.0,2.5,5,17.684444444444445,48.88194444444444
60.0,0.6,4,17.612222222222222,49.87185185185184
50.0,6.16666666666667,2,19.05444444444445,49.61950030536713
40.0,6.25,9,19.81888888888889,40.5131746031746
30.0,0.65,10,15.278148148148148,41.90456269793643
50.0,-0.1,16,16.26925925925926,46.10703703703703
50.0,0.3,4,19.14551314267191,43.39814814814814
60.0,3.9333333333333296,19,17.98037037037037,35.39555555555555
40.0,-0.533333333333333,12,15.779753086419756,46.46024691358025
50.0,0.866666666666667,1,18.07555555555556,49.148518518518514
60.0,12.9,23,20.796624338624326,42.730899470899466
80.0,6.75,20,19.96401851851852,36.81525925925925
70.0,2.7,2,17.8983950617284,48.6787037037037
80.0,14.65,15,21.26015873015873,29.792275132275133
100.0,7.1,14,17.230370370370377,37.640740740740746
60.0,-1.53333333333333,5,15.442962962962964,47.86611111111111
40.0,8.599999999999998,6,17.613703703703703,52.39333333333333
50.0,8.25,14,18.862530864197524,45.89635802469137
50.0,8.8,4,21.33346040955405,41.94851851851851
70.0,2.5,22,17.991111111111106,42.81185185185187
50.0,5.93333333333333,3,19.570864197530863,42.727407407407405
40.0,-4.0,4,18.32454752753482,48.01555555555555
40.0,-0.05,6,18.629277929650563,43.306666666666665
140.0,2.5166666666666706,9,17.52166666666666,44.082923280423294
40.0,11.0333333333333,15,20.474444444444444,37.54037037037037
50.0,-4.7,7,16.533703703703708,48.24450617283951
40.0,12.0,2,17.9948128793123,48.43901234567901
50.0,3.9,11,18.246759259259257,49.43703703703703
110.0,12.1666666666667,14,20.19296296296297,31.430370370370365
60.0,7.733333333333332,5,19.476111111111116,42.19027777777777
50.0,10.9666666666667,15,20.492222222222225,37.24333333333333
60.0,5.4,1,19.183703703703696,46.00680353048868
50.0,3.2666666666666706,1,17.0462962962963,43.84814814814814
20.0,2.93333333333333,5,16.64493633610242,39.380740740740734
70.0,3.16666666666667,7,19.347354497354495,35.07398282357653
70.0,1.7,4,18.93962962962964,39.56481481481481
50.0,1.3,4,17.053439153439154,43.561851851851856
50.0,1.55,2,17.4637037037037,47.09476649345165
40.0,8.5,4,18.974814814814813,54.65996913580247
60.0,12.4666666666667,13,16.192886297986394,48.519012345679
60.0,10.1,2,20.56,43.814351851851846
20.0,9.9,10,17.514876543209876,53.70166666666667
100.0,11.1666666666667,19,18.36940976081208,32.00592592592593
30.0,-0.466666666666667,15,16.674629629629624,47.48003086419752
50.0,8.96666666666667,9,18.60279600419833,34.08962962962963
60.0,10.05,2,19.218280423280408,50.65776719576721
20.0,9.0,8,17.69641975308642,52.64574074074075
50.0,12.85,10,21.56425925925926,37.29535185185185
50.0,4.8,3,19.048519883388614,42.88962962962963
50.0,-3.3,1,17.376358024691356,48.23493827160495
60.0,2.95,22,17.102962962962962,51.12222222222224
60.0,8.13333333333333,9,20.380444444444443,39.632296296296296
60.0,2.95,6,19.254444444444445,39.42888888888889
50.0,7.95,1,20.97908569572793,50.68092592592591
40.0,1.08333333333333,2,17.805185185185188,45.17767195767196
30.0,8.41666666666667,0,19.22888888888889,40.52203703703705
110.0,8.18333333333333,16,17.022825731180518,44.44422222222224
50.0,5.18333333333333,1,17.809259259259264,52.32592592592592
140.0,9.43333333333333,19,20.67391534391533,43.58579365079363
110.0,2.45,7,17.9062962962963,43.37481481481481
40.0,2.66666666666667,23,18.79222222222222,40.29135215721899
50.0,9.3,3,18.359010410176488,41.25111111111111
50.0,0.533333333333333,3,15.946096174529607,49.88481481481482
40.0,13.5,1,19.3374074074074,43.19
50.0,10.0666666666667,5,19.1,49.96407407407407
60.0,9.96666666666667,8,20.55731481481481,41.18111111111111
50.0,-0.683333333333333,6,17.251481481481477,42.144444444444446
100.0,4.75,11,17.71492063492063,39.19954497354498
60.0,5.05,7,19.27293209876543,42.69787037037038
60.0,10.9166666666667,15,19.83222222222222,36.85
50.0,4.9,1,19.10037037037037,39.94888888888889
50.0,8.8,8,20.437195767195767,39.00740740740741
100.0,9.76666666666667,18,19.221666666666668,52.25589506172839
50.0,0.1,3,15.99200235340468,40.10962962962963
60.0,15.7,11,20.6798148148148,41.465555555555554
90.0,11.3,15,20.549735449735444,38.89018518518519
50.0,-4.23333333333333,8,16.383333333333333,47.7991975308642
50.0,3.85,7,18.0962962962963,54.54735908604424
70.0,14.9,0,22.47661655992546,45.18851851851852
130.0,3.55,13,17.368518518518513,40.62990740740741
30.0,11.0833333333333,14,20.332962962962966,35.23481481481481
150.0,2.45,22,19.981769749757053,51.11296296296296
50.0,3.16666666666667,4,20.40773818733183,43.88213117283952
40.0,8.38333333333333,13,18.778888888888883,37.674074074074085
50.0,4.0,6,18.771851851851856,43.45825396825396
90.0,8.76666666666667,14,19.44592592592593,39.82953703703703
50.0,8.099999999999998,1,17.469197530864214,53.00055555555556
50.0,-3.5,5,15.293456790123455,46.059629629629626
60.0,10.4333333333333,14,19.84885561593458,38.96921093789611
140.0,4.93333333333333,20,19.204012345679008,50.7391975308642
60.0,10.6166666666667,0,20.314444444444444,39.96779100529101
50.0,3.16666666666667,11,18.228888888888893,40.62777777777777
120.0,15.8,18,21.402333333333345,35.37396296296296
80.0,8.099999999999998,7,20.215555555555557,36.84096296296296
40.0,6.06666666666667,7,18.951851851851853,43.52185185185186
50.0,6.31666666666667,0,19.46333333333333,42.19259259259261
60.0,6.8,4,19.39592592592593,37.20705555555556
40.0,7.9,23,19.634814814814806,41.58674074074074
30.0,4.9,18,22.936733790841352,49.19250000000001
50.0,7.849999999999999,1,19.181481481481487,50.79827160493827
80.0,6.3333333333333295,14,18.41703703703704,44.569759259259264
40.0,10.7,13,19.68167695937912,51.5574074074074
40.0,3.7214285714285698,6,17.84,44.23490079365079
40.0,8.8,5,18.93555555555556,54.68166666666666
60.0,11.95,5,21.878645594739236,46.30296296296296
90.0,3.0,11,17.480740740740735,46.539629629629616
50.0,3.0,4,16.884814814814813,44.65444444444446
100.0,7.15,18,19.108888888888888,36.64074074074075
50.0,7.93333333333333,15,20.75602900901629,37.78407407407408
40.0,6.3,2,19.43851851851851,50.16791920758051
60.0,7.9,2,19.082592592592587,40.72898148148148
50.0,5.25,16,19.011666666666667,35.83648148148149
50.0,4.9,7,16.6767319255906,40.93740740740741
50.0,0.683333333333333,8,18.4089609099964,42.66962962962964
100.0,5.5,12,18.247407407407408,49.559753086419725
70.0,3.2333333333333294,10,19.694674755047373,42.73269841269841
40.0,3.8,6,20.079434363457157,51.43037037037036
50.0,3.11666666666667,8,17.442962962962955,44.83055555555555
50.0,1.65,2,17.918518518518525,44.27407407407407
50.0,2.7,1,17.972962962962967,48.47839506172839
100.0,5.8,11,18.58851851851852,38.78851851851852
100.0,8.8,11,20.367037037037036,44.55481481481482
50.0,-1.3,4,15.462794611564677,47.8227314814815
100.0,9.96666666666667,10,20.117777777777764,37.46303703703703
50.0,4.0,8,19.189999999999987,43.5547619047619
40.0,3.7,2,18.29185185185185,39.83740740740739
50.0,7.8333333333333295,15,19.134814814814806,35.95111111111111
40.0,-0.4333333333333329,7,16.958518518518517,42.2951851851852
100.0,4.96666666666667,20,19.062530864197534,47.95975308641975
60.0,10.1,3,18.829444444444444,51.39959259259259
50.0,4.76666666666667,22,19.94888888888888,42.37259259259258
50.0,10.25,3,19.48203703703703,55.53722222222223
40.0,4.633333333333329,22,16.150520871923202,42.32851851851853
60.0,2.5,10,17.300000000000004,37.94793650793651
30.0,1.1,6,17.56511111111111,44.889500000000005
70.0,8.8,20,20.0337037037037,39.82722222222222
50.0,9.8,16,19.42148148148148,34.9437037037037
30.0,4.4,2,17.28666666666667,46.90338919425602
50.0,4.93333333333333,22,19.97888888888888,42.30564814814814
50.0,5.883333333333329,7,19.60101462244261,46.81600013975806
50.0,5.3,7,18.71592592592592,41.2562037037037
40.0,5.0,1,19.01481481481481,39.97999999999999
60.0,5.26666666666667,22,20.005555555555556,41.80977777777779
60.0,7.03333333333333,3,19.78592592592592,46.721851851851845
50.0,5.03333333333333,4,20.44263094366644,43.35384800384801
50.0,6.56666666666667,1,20.16369733395924,40.92407407407408
60.0,8.4,12,20.30962962962962,40.04629629629629
50.0,7.633333333333329,1,20.37407407407407,42.14844444444444
50.0,5.66666666666667,0,19.48222222222222,42.84444444444445
60.0,4.5,9,19.14259259259258,39.19444444444444
90.0,7.8,14,19.204074074074075,32.86259259259262
40.0,9.93333333333333,11,19.68481481481482,37.18296296296298
50.0,5.2,13,18.03381613756613,43.47721560846561
50.0,0.75,0,18.156481481481475,48.987870370370366
80.0,5.26666666666667,10,18.36962962962963,39.10722222222221
30.0,-3.0,4,17.201481481481476,40.35574074074074
50.0,11.1,22,19.415185185185187,41.58296296296297
60.0,9.8,1,19.355925925925924,50.700515873015895
40.0,1.21666666666667,4,18.93777777777777,41.880814814814826
70.0,4.25,14,17.869643347050754,44.629574759945136
50.0,-0.2,14,16.00154320987654,49.804524145852106
50.0,2.43333333333333,9,18.326666666666668,42.97000000000001
60.0,2.7333333333333294,10,16.666481481481487,43.83370370370372
60.0,1.2,4,18.930074074074074,39.48333333333333
20.0,3.53333333333333,11,17.50592592592592,38.97740740740741
50.0,10.15,18,20.00851851851853,38.32851851851851
40.0,10.35,16,20.69592592592593,36.03703703703704
70.0,4.75,3,18.58481481481481,42.49592592592592
50.0,2.91666666666667,1,18.729753086419755,53.73085833005849
50.0,4.3,0,18.63185185185186,38.986666666666665
40.0,3.7333333333333294,2,17.27481481481481,51.49771604938272
50.0,8.36666666666667,3,18.971111111111117,49.19338331169446
50.0,4.8333333333333295,22,18.25111111111111,38.651851851851845
100.0,9.61666666666667,13,20.52024691358025,38.64765432098765
50.0,0.5,0,16.017053870823943,42.874074074074095
20.0,3.75,14,21.562910160876395,41.89148148148149
60.0,1.95,6,17.4492789907751,38.894068783068775
60.0,2.5,5,18.43864197530864,49.4425925925926
90.0,9.3,20,20.140317460317466,42.55220458553791
40.0,6.3,5,19.75555555555556,43.751269841269846
120.0,12.75,14,21.058518518518525,33.419544973544966
50.0,5.43333333333333,2,17.060158730158733,43.48455026455028
50.0,-0.3,1,15.782592592592588,45.53888888888889
110.0,5.53333333333333,19,18.97925925925925,39.19222222222223
50.0,3.333333333333329,4,16.534814814814812,51.46888888888888
110.0,2.05,20,18.21291005291005,45.44322751322752
100.0,3.1,15,18.33932467532468,43.56680375180377
50.0,-1.7,5,15.38555555555556,57.36964550012835
120.0,8.199999999999998,16,19.802222222222223,35.79074074074074
40.0,2.86666666666667,0,18.093108465608463,43.44535714285715
50.0,9.6,11,20.38962962962963,33.40296296296296
90.0,5.6,17,18.011498315268387,37.56148148148148
70.0,2.2,5,19.218888888888884,38.81227513227513
60.0,5.0,2,18.534074074074077,43.52555555555556
50.0,5.25,23,18.892962962962965,40.66
120.0,13.3,21,20.6262962962963,46.72101790010424
50.0,10.8666666666667,14,20.72650793650793,36.43106349206349
60.0,12.75,16,21.046666666666667,35.86388888888889
50.0,1.1,4,18.185061728395063,49.60783950617284
60.0,3.666666666666672,10,17.940987654320985,50.38197530864198
50.0,7.01666666666667,10,19.919312169312175,40.170291005291
70.0,3.50555555555556,1,18.0037037037037,35.097037037037026
20.0,8.36666666666667,7,16.695246913580256,53.372530864197536
50.0,6.96666666666667,3,21.790698327857083,41.57214814814816
50.0,5.2,2,18.65,38.79740740740741
40.0,6.6,14,15.370150501552825,44.59888888888889
50.0,5.56666666666667,7,18.60185185185185,43.40185185185184
60.0,10.0,5,20.489629629629636,46.91444444444444
50.0,5.1,17,18.471111111111117,33.86629629629629
20.0,0.0833333333333333,5,16.531111111111112,44.63037037037038
50.0,4.75,23,19.543121693121705,43.5686455026455
40.0,3.766666666666671,16,16.787222222222216,42.82530864197531
40.0,5.133333333333329,4,18.92185185185185,42.83915343915344
80.0,5.0,8,18.341851851851853,39.044814814814806
40.0,5.56666666666667,1,19.39851851851851,42.77111111111112
90.0,13.1333333333333,17,19.29588536474404,33.81470899470898
110.0,6.16666666666667,15,17.772962962962957,39.19037037037037
50.0,3.5,3,18.28537037037037,51.58037037037037
110.0,1.75,18,17.36037037037036,47.31180273453835
30.0,2.333333333333329,6,18.002222222222215,43.15740740740742
60.0,3.03333333333333,9,17.65740740740741,42.20972222222222
70.0,-2.966666666666669,4,16.68222222222222,43.05592592592593
30.0,5.03333333333333,17,17.937407407407402,34.77666666666666
40.0,7.483333333333332,8,17.075291005291014,46.981005291005296
60.0,12.0666666666667,12,17.54771604938272,50.137345679012334
50.0,0.65,4,17.656666666666666,44.7089417989418
50.0,13.7666666666667,3,21.564444444444423,38.25058201058201
110.0,12.8666666666667,18,21.75592592592592,34.86507936507938
50.0,5.35,0,20.628537188909817,40.66074074074075
30.0,1.91666666666667,2,19.30171957671958,38.500243386243376
50.0,9.0,4,20.133333333333333,39.43874074074075
60.0,7.8,15,19.377870370370363,37.6712962962963
80.0,2.7,11,16.732222222222212,43.78111111111111
30.0,5.8333333333333295,23,19.19861111111111,41.01037037037037
30.0,1.13333333333333,2,17.861913580246913,41.91882716049383
40.0,-2.41666666666667,10,16.49685185185185,47.76907407407408
50.0,6.3333333333333295,23,19.39888888888889,36.023555555555554
40.0,-3.5,8,18.32847610563486,43.89092592592592
60.0,4.86666666666667,7,18.34222222222222,40.881851851851856
90.0,6.56666666666667,14,21.117357300666203,35.169259259259256
60.0,10.1,5,20.49342592592592,46.92425925925925
50.0,12.0166666666667,4,20.29481481481481,46.903703703703705
40.0,1.3,23,17.811481481481486,42.634444444444426
150.0,0.633333333333333,8,16.491851851851855,43.955925925925925
100.0,1.66666666666667,9,17.635555555555555,41.31222222222222
50.0,4.45,5,18.780465608465605,43.35374603174603
60.0,5.825,1,17.56961232410843,42.04185185185185
50.0,6.05,5,19.978148148148147,41.23370370370371
50.0,4.40714285714286,11,16.0164586327287,43.54839285714285
100.0,4.96666666666667,10,19.586666666666662,38.41066666666666
60.0,7.4,1,20.388148148148154,35.25707671957671
60.0,1.76666666666667,6,18.900952380952376,41.985121693121705
60.0,8.33333333333333,12,18.686296296296295,38.66962962962963
60.0,5.91666666666667,6,17.835572361965514,44.475185185185175
20.0,1.1,6,17.571111111111108,49.31244647153282
50.0,0.8333333333333329,3,17.73148148148148,45.53193650793652
50.0,6.3333333333333295,0,19.686049382716053,47.068950617283946
20.0,10.1666666666667,5,17.72,52.32530864197531
80.0,5.1,12,16.748596886446066,49.62000000000001
120.0,5.86666666666667,20,20.317037037037032,34.02361111111111
40.0,8.4,13,16.89001663953248,47.01543209876544
20.0,9.33333333333333,10,18.760370370370364,53.967160493827166
40.0,-0.666666666666667,3,21.999326383433957,45.86382716049383
50.0,0.733333333333333,1,17.86518518518519,41.28518518518519
90.0,9.45,19,19.434444444444445,29.13740740740741
100.0,9.93333333333333,11,19.95,28.697210472188285
50.0,9.3,4,20.37,54.12705290753576
40.0,8.05,23,19.79562962962963,41.3411851851852
60.0,2.86666666666667,13,19.180519813885173,39.847666666666655
90.0,2.43333333333333,17,18.015665294924545,46.286042524005474
50.0,6.23333333333333,4,18.93592592592593,45.92777777777778
80.0,1.5,21,18.411091269841265,42.05753968253967
60.0,9.6,4,20.2862962962963,49.7169728883446
70.0,7.8333333333333295,16,17.683641975308646,53.37919753086419
30.0,8.41666666666667,3,16.951358024691363,54.03691358024691
50.0,8.76666666666667,11,20.358835978835977,38.03232804232805
70.0,9.2,3,19.9225925925926,44.85847476313606
30.0,2.833333333333329,1,16.672962962962956,51.60703703703703
50.0,8.8,7,20.26925925925925,44.363121693121705
100.0,9.6,18,18.965396825396816,51.86275132275133
40.0,6.8,8,19.887851851851853,33.959074074074074
50.0,7.2,4,19.784814814814823,43.3487962962963
70.0,3.9,8,16.799629629629635,42.015000000000015
60.0,13.0166666666667,14,20.657777777777778,30.47768681321755
60.0,3.1,10,17.598814814814812,49.03983611859404
20.0,3.6833333333333296,19,15.25,52.096926191328464
40.0,3.35,2,16.986851851851853,44.28064814814814
50.0,6.25,1,19.522962962962968,51.30291384564944
110.0,7.95,19,15.698512995840272,42.46592592592592
50.0,10.05,4,19.12333333333333,50.08822222222223
50.0,1.86666666666667,2,17.297037037037036,43.15562962962963
50.0,9.36666666666667,9,21.916986930295824,32.35698412698412
40.0,6.6,4,19.34259259259259,37.198306878306894
50.0,1.73333333333333,1,16.57220491670102,44.146931216931215
50.0,6.25,5,20.052222222222223,41.14817989417989
90.0,10.9,17,20.516666666666666,34.99333333333332
50.0,9.16666666666667,3,19.00148148148148,52.59314814814814
30.0,2.3,6,17.97629629629629,43.22814814814814
70.0,9.5,21,20.688518518518517,40.60037037037037
110.0,10.4333333333333,12,20.54936507936509,33.52508084255865
60.0,3.5166666666666706,13,17.413981481481482,40.179166666666674
100.0,14.4722222222222,18,21.38407407407408,38.97055555555554
40.0,3.45,14,17.517142857142847,37.26417989417988
20.0,-1.15,12,16.67037037037037,47.702654320987655
50.0,8.699999999999998,5,18.84,48.24342755395829
90.0,16.1,17,22.228148148148158,30.202740740740744
40.0,4.43333333333333,1,17.297777777777767,48.46211125086916
130.0,0.6,21,15.799873952307378,45.01451851851852
60.0,8.88333333333333,23,23.270993267345915,34.15133333333334
120.0,2.966666666666669,13,18.43592592592592,46.39148148148148
60.0,7.15,11,18.44,39.50481481481481
70.0,2.333333333333329,5,18.94402116402115,39.906317460317446
50.0,10.3333333333333,22,20.915185185185173,32.82912698412699
40.0,2.78333333333333,23,17.89907407407408,44.16924867724867
70.0,3.583333333333329,10,17.903456790123457,50.53268518518519
50.0,8.849999999999998,12,17.833686398182508,38.18268518518518
110.0,13.25,22,20.704074074074075,41.07074074074074
30.0,5.0,21,19.23075941113204,49.49925925925927
40.0,9.55,11,18.792716049382715,53.885000000000005
40.0,5.86666666666667,7,16.502716049382713,52.9458024691358
50.0,2.2,7,18.10333333333333,40.84222222222221
20.0,1.0,3,17.841358024691356,46.14549567573752
60.0,4.95,4,18.501851851851857,38.516296296296304
50.0,7.95,1,19.12851851851852,40.65777777777778
60.0,5.31666666666667,4,18.947777777777773,42.84407407407406
50.0,3.966666666666669,2,17.875925925925934,35.65851851851853
50.0,6.8,7,18.81037037037037,41.551481481481474
60.0,6.8,12,18.769629629629623,47.49466666666667
80.0,12.9833333333333,14,22.11407407407408,32.76638095238094
150.0,9.3,20,20.445046296296297,42.02464814814815
50.0,8.58333333333333,21,20.39777777777776,34.52
70.0,5.5,10,19.846029009016306,48.1231746031746
50.0,8.46666666666667,12,18.737777777777776,41.89736365202495
80.0,10.0,22,20.86592592592592,48.64296296296297
40.0,-1.6,2,15.873333333333337,53.2775433496346
40.0,0.6,1,19.405682631776276,43.13148148148147
50.0,5.9,11,19.2,37.47074074074075
50.0,9.9,16,19.65433260930817,54.18644999886968
60.0,9.06666666666667,23,17.125987654320987,50.77944444444444
40.0,6.3333333333333295,23,19.95740740740741,36.7130291005291
30.0,1.9,23,18.30037037037037,39.41666666666666
50.0,3.9,11,17.928049382716054,46.75534567901233
80.0,12.6333333333333,15,21.023703703703717,35.91600529100529
50.0,9.533333333333328,14,18.89333333333333,36.03777777777778
60.0,1.86666666666667,9,17.12688888888889,42.708296296296304
50.0,4.5,3,16.23075757452764,35.85648148148148
40.0,1.43333333333333,3,23.297474531582097,43.47771957671959
150.0,5.8333333333333295,21,19.852222222222224,41.34981481481484
120.0,6.66666666666667,13,21.202550179708943,36.82888888888888
90.0,10.0,14,20.526444444444444,41.43362962962962
70.0,2.7,9,17.96407407407407,38.21870370370369
120.0,5.91666666666667,15,18.8653086419753,44.25419753086418
40.0,5.26666666666667,4,18.96970297967854,50.945925925925934
40.0,10.5,3,17.723843800026305,55.54734567901234
40.0,9.16666666666667,13,19.5437037037037,37.47851851851853
80.0,6.0,8,20.95836038708595,44.41887542087543
80.0,2.06666666666667,23,19.17555555555556,37.88470899470901
70.0,7.1,12,17.12839506172839,57.82962962962964
70.0,10.7666666666667,22,19.527469135802463,49.26833333333333
70.0,3.25,1,18.804197530864187,49.05388888888889
70.0,7.96666666666667,18,17.69888888888889,52.40802469135803
80.0,4.6,13,17.700740740740745,40.816666666666656
60.0,9.4,16,19.271851851851856,34.02333333333334
120.0,13.4666666666667,19,22.482294243329743,30.070814814814817
70.0,-0.55,7,16.882962962962957,42.9075925925926
60.0,0.25,8,16.540740740740738,42.8725925925926
80.0,1.43333333333333,16,18.370925925925924,43.6562962962963
50.0,-0.933333333333333,6,17.080370370370375,43.22074074074073
130.0,1.2,9,17.44777777777778,40.26925925925926
120.0,6.3333333333333295,20,19.120000000000005,40.79611111111112
70.0,3.43333333333333,4,18.496243386243385,40.30666666666668
50.0,4.1,6,18.7217901234568,44.17111111111111
40.0,-0.85,4,17.17074074074074,47.92518518518519
50.0,6.16666666666667,4,20.046719576719585,36.12529100529102
60.0,4.93333333333333,10,17.720925925925926,39.63111111111111
60.0,12.1,19,19.417037037037044,40.48333333333333
80.0,0.55,14,15.487654320987655,44.80758309591644
50.0,2.2333333333333294,6,17.905185185185182,43.193333333333335
60.0,10.8833333333333,21,22.45516411325777,28.85695901405272
80.0,16.8,13,21.95486772486773,34.701216931216926
60.0,5.9,14,18.748518518518512,41.220322049007216
40.0,2.7,17,18.566666666666663,35.41740740740741
50.0,11.8833333333333,5,19.188888888888886,45.51666666666668
30.0,5.2,11,17.427830687830685,45.61825396825396
70.0,4.0,2,18.785555555555558,41.56935185185185
60.0,6.2,4,18.965925925925927,45.90814814814816
90.0,15.4333333333333,11,22.40814814814814,29.31714285714285
50.0,9.01666666666667,12,21.459092744465373,36.46219181828553
70.0,5.2,17,18.545802469135808,48.19617283950616
60.0,9.45,2,20.189682539682543,39.85285714285714
50.0,5.2,16,18.175555555555555,39.54074074074072
40.0,2.56666666666667,10,18.26407407407408,41.89425925925927
60.0,0.35,2,17.806666666666665,40.12185185185186
50.0,0.3,5,17.969259259259253,39.13333333333332
60.0,1.3,2,17.020740740740727,41.39074074074075
60.0,1.46666666666667,4,18.20277777777778,49.66234567901234
40.0,0.6,4,16.72851851851852,43.43814814814815
50.0,11.1833333333333,12,20.85481481481481,31.95862433862433
60.0,7.8,1,18.403873952307386,43.362328042328045
80.0,9.26666666666667,11,19.88185185185185,38.52661754935316
50.0,0.35,6,18.462888888888887,40.09651851851852
110.0,5.46666666666667,19,18.982222222222223,39.28166666666667
50.0,5.9,15,18.943333333333342,34.95259259259259
20.0,-0.4333333333333329,15,16.705185185185186,47.55546296296296
80.0,9.9,22,20.93111111111111,48.71296296296296
30.0,4.15,11,16.2128133823095,41.542962962962974
50.0,2.78333333333333,1,18.72851851851852,41.0602962962963
50.0,1.66666666666667,9,19.725203855576485,49.031126981609816
20.0,9.35,6,19.985555555555557,39.11748148148149
110.0,5.9,19,17.832962962962963,44.7925925925926
40.0,-1.46666666666667,17,16.287111111111113,46.561
50.0,7.19166666666667,7,17.07,46.61407407407408
80.0,8.13333333333333,17,20.800105820105813,30.089100529100516
80.0,16.0333333333333,16,22.228783068783063,30.436904761904763
40.0,0.55,5,16.555925925925926,43.676084656084655
70.0,6.48333333333333,12,19.13271604938272,51.8725433496346
40.0,11.0,16,17.557777777777776,51.52703703703703
50.0,6.85,6,17.037129629629632,46.248203703703695
100.0,2.81666666666667,11,16.829259259259256,47.50625254091384
50.0,2.5,10,17.390740740740732,40.38962962962962
40.0,4.1,6,17.533425925925922,44.93296296296296
40.0,2.45,22,18.27296296296296,46.3674074074074
60.0,5.8,1,21.354682631776274,42.68460185185185
40.0,2.56666666666667,1,18.21,38.97185185185185
50.0,0.7,4,17.001851851851843,41.875555555555565
60.0,3.03333333333333,0,18.06994047619049,43.50694444444444
50.0,6.03333333333333,16,17.294056768552874,34.435417989418006
60.0,6.76666666666667,9,18.82444444444444,42.38222222222224
50.0,2.1,0,19.072962962962954,41.33925925925925
60.0,7.0,12,17.483703703703696,45.40450096954137
80.0,3.25,7,18.22148148148148,40.85925925925928
30.0,3.0,23,16.27091170126088,40.78101851851851
50.0,2.85,6,19.284444444444446,39.47014814814814
60.0,0.3,1,17.938888888888886,40.46925925925927
40.0,10.1,3,17.858703703703707,52.175617283950594
50.0,8.15,9,20.03037037037037,37.233809523809526
50.0,-0.7,5,16.6437037037037,42.358222222222224
40.0,7.5,10,18.693148148148143,51.57753086419754
60.0,3.2,23,18.28222222222222,36.19758084255866
50.0,0.4333333333333329,1,18.294814814814817,37.42888888888889
50.0,8.5,1,18.27481481481481,42.25190837694876
100.0,10.6,12,20.03891975308642,32.61416666666667
50.0,4.86666666666667,5,17.874444444444443,36.263333333333335
50.0,2.6,21,16.174814814814813,45.63694490470528
130.0,10.3,12,20.45805555555556,39.81074074074073
50.0,7.866666666666669,21,19.67296296296296,34.18328042328042
50.0,4.3,4,15.966790123456796,49.97117283950618
50.0,-0.566666666666667,12,15.45992063492063,45.77369488536157
120.0,5.73333333333333,19,18.89592592592592,39.10148148148148
30.0,4.6,3,18.65,42.41444444444444
80.0,4.28333333333333,13,18.29546296296296,38.517222222222216
60.0,9.6,3,20.388148148148144,43.98259259259258
70.0,13.5333333333333,20,22.46282795081524,41.52189153439153
40.0,1.53333333333333,3,17.800370370370366,50.48851851851852
30.0,11.1,14,20.75634920634921,30.668253968253964
40.0,2.03333333333333,23,18.385185185185183,47.137712858374144
60.0,7.51666666666667,22,18.577777777777776,50.40222222222221
70.0,5.7,4,19.49086419753086,42.44604938271604
30.0,0.8,2,18.252222222222223,38.07444444444444
60.0,4.8333333333333295,7,18.356296296296296,40.82703703703704
70.0,3.2666666666666706,23,17.35282220065163,48.40194444444444
50.0,4.2,2,17.16703703703704,42.75888888888888
40.0,5.65,4,16.975740740740743,45.33296296296297
70.0,9.8,12,19.016728395061733,53.47493827160493
60.0,1.28333333333333,4,18.20975308641975,49.67067901234568
40.0,6.05,10,16.05962962962963,48.567530864197536
30.0,5.65,0,17.05787878787879,45.2192351635463
70.0,3.766666666666671,3,18.403544973544967,50.0362962962963
50.0,2.8,0,17.564955006493715,59.05742327790615
50.0,0.566666666666667,5,17.146296296296303,38.96387713885495
50.0,3.6,2,18.26518518518519,40.17907407407408
160.0,3.583333333333329,13,17.33259259259259,41.27648148148149
120.0,11.3,20,20.06851851851852,35.5737037037037
60.0,9.3,0,19.205185185185183,52.53925925925925
30.0,3.4,2,16.985555555555557,44.33074074074074
80.0,3.2,21,18.342901234567897,51.33678950504252
60.0,2.2,1,17.5062962962963,43.69439153439151
80.0,15.3388888888889,16,21.727989417989413,35.20148148148147
90.0,15.7,16,22.208888888888893,31.606666666666666
50.0,3.9,23,18.56351851851852,39.9938888888889
140.0,5.35,9,18.377037037037034,41.563518518518514
50.0,8.15,4,17.716296296296292,52.19530864197531
80.0,8.3,17,19.771481481481477,40.34740740740741
50.0,2.0,1,18.866296296296294,41.48444444444445
30.0,3.5,11,17.459629629629625,37.79624338624339
90.0,10.5666666666667,15,18.74520199159514,33.774074074074065
60.0,4.0,2,18.46333333333333,51.64172839506173
80.0,0.6,15,14.273825224991306,44.78018518518518
130.0,13.65,17,21.602222222222217,38.56111111111109
50.0,5.9,12,17.645555555555557,47.587728660464265
90.0,16.3333333333333,15,21.70074074074074,45.53938624086911
80.0,7.633333333333329,14,20.415704999070357,39.145185185185184
70.0,5.75,7,18.854343434343438,44.36289562289562
60.0,1.0,22,17.32746031746032,41.08349206349208
60.0,3.75,3,18.39079365079365,50.04269841269841
40.0,4.81666666666667,3,18.931111111111115,39.02825396825396
50.0,2.5,11,17.542592592592584,42.604444444444425
30.0,-2.833333333333329,5,16.74370370370371,44.62481481481482
60.0,0.733333333333333,4,18.6537037037037,39.88814814814815
30.0,5.883333333333329,0,17.08888888888889,49.822116402116414
40.0,-4.43333333333333,5,15.565740740740742,46.761172839506166
70.0,11.9666666666667,15,20.94259259259259,36.47074074074073
50.0,9.36666666666667,13,19.579259259259263,36.96851851851851
70.0,10.7,8,21.255449735449744,38.09269841269841
40.0,2.833333333333329,5,18.73366129082005,44.55518518518517
70.0,5.0,10,17.067777777777767,40.54851851851852
50.0,10.0,11,17.720740740740734,52.855
30.0,3.666666666666672,19,15.275061728395068,47.45685185185186
50.0,2.2666666666666706,8,18.34592592592593,44.59518518518519
20.0,-0.533333333333333,6,16.588148148148143,42.26370370370369
40.0,-2.06666666666667,8,16.823333333333334,46.59884126984127
120.0,8.41666666666667,18,20.65814814814814,31.21490740740741
60.0,0.3,22,17.551111111111116,41.61280423280424
50.0,-1.0,4,15.447839506172834,46.163456790123455
40.0,2.86666666666667,19,15.249337794064273,50.12135802469136
50.0,1.36666666666667,7,17.63333333333332,50.52641975308643
100.0,3.9,20,18.990740740740737,36.33814814814816
40.0,2.36666666666667,3,18.166666666666668,35.23968615472654
50.0,2.03333333333333,0,20.79718648055184,37.01422222222222
80.0,8.58333333333333,11,19.954814814814817,35.011111111111106
60.0,9.41666666666667,23,20.651111111111117,39.37933333333334
140.0,4.55,12,18.117283950617285,46.30200617283951
90.0,10.7,15,20.77444444444444,36.236296296296295
40.0,-0.2,7,17.378055555555555,42.188148148148144
50.0,2.63333333333333,7,18.329506172839512,49.42407407407408
60.0,-1.8333333333333297,1,15.923209876543208,47.89271604938271
50.0,11.3,17,19.754411171490133,35.754444444444445
40.0,4.8,6,18.367037037037036,38.66555555555556
50.0,6.0,0,17.079259259259263,49.94773148148148
60.0,5.55,2,19.107283950617287,43.44283950617284
80.0,7.46666666666667,15,19.70999999999999,33.30037037037037
110.0,16.6666666666667,10,20.822742507601188,34.11541798941799
60.0,2.5,6,17.665987654320986,48.84679012345678
50.0,5.0,4,18.89712962962963,43.32574074074074
60.0,7.71666666666667,9,17.092751322751315,43.9961259666567
70.0,9.233333333333327,5,20.23851851851852,42.40013606787167
100.0,7.866666666666669,18,20.62562757666307,34.34518518518518
60.0,2.1,0,19.3175,37.27305555555555
60.0,10.4666666666667,4,20.496296296296297,46.909629629629634
40.0,3.86666666666667,10,15.253503581937006,41.98925925925927
60.0,5.633333333333329,0,19.86407407407408,37.1105925925926
50.0,6.2,7,16.607777777777784,53.25413580246915
100.0,14.9333333333333,10,21.6137962962963,37.81055555555557
70.0,2.5,22,17.65888888888888,41.03851851851851
80.0,9.11666666666667,5,20.217629629629627,37.49525925925926
30.0,8.099999999999998,4,17.17962962962962,53.15796296296296
50.0,6.2,13,15.53710229596098,45.20907407407408
80.0,9.55,19,21.597727671036573,35.25518518518519
60.0,5.45,0,19.17740740740741,39.92148148148149
40.0,10.2333333333333,3,19.33074074074074,49.46302469135802
60.0,10.0666666666667,1,20.798148148148144,37.015291005291
130.0,10.0,20,20.3087037037037,37.78787037037037
40.0,6.7,7,16.821481481481477,52.50604938271604
30.0,3.36666666666667,4,16.576666666666664,56.206988715673866
50.0,10.9833333333333,23,18.50137466422384,44.25481481481482
50.0,5.3,17,18.064444444444444,34.99007407407408
50.0,-0.866666666666667,5,17.263703703703698,42.06259259259259
80.0,10.9333333333333,17,17.349156139407967,35.0387037037037
110.0,3.2,16,18.92432098765433,53.0652771593635
50.0,3.5,8,18.95777777777778,39.14185185185184
60.0,13.8,1,21.76925925925925,38.17987301587301
50.0,3.8333333333333295,6,18.15303703703703,49.924031746031744
100.0,5.8,20,19.297777777777775,43.54032661498791
70.0,1.15,9,16.17507936507936,42.06169312169311
60.0,6.95,12,19.049089506172837,35.88275462962963
60.0,6.1,8,18.717777777777783,43.00555555555556
50.0,4.76666666666667,2,18.585,41.79574074074073
80.0,8.199999999999998,16,19.790000000000003,40.24
130.0,11.3,17,20.305555555555557,41.460740740740746
60.0,8.86666666666667,16,20.88925925925925,30.947767195767184
100.0,4.76666666666667,21,17.67885420525653,42.465185185185184
70.0,14.0333333333333,16,23.10301596510961,28.7926074481382
30.0,1.4,1,17.160740740740742,41.33518518518518
30.0,4.5833333333333295,4,18.81518518518519,46.86864752973387
50.0,-0.7833333333333331,3,15.748024691358024,48.01314814814816
90.0,15.5555555555556,16,20.13901151540466,35.242506172839505
80.0,-0.533333333333333,7,18.584463114835756,43.87999999999999
40.0,2.5,2,19.19925925925927,42.07814814814816
60.0,5.15,0,18.76629629629629,38.6
40.0,2.03333333333333,10,15.543226516075697,40.91444444444445
120.0,10.1,9,20.92291005291005,40.63185185185185
70.0,2.7,22,19.229722222222215,41.30006548093718
50.0,3.466666666666669,1,18.08007936507937,43.4199603174603
50.0,3.3,23,17.228888888888886,43.583703703703705
80.0,0.3,14,15.553456790123468,50.9188396459309
50.0,-4.0,4,16.791851851851842,48.05246913580247
60.0,4.23333333333333,0,16.950723435219544,39.38703703703704
50.0,1.31666666666667,3,18.1795061728395,49.53358024691357
50.0,1.33333333333333,6,18.294814814814806,42.36222222222223
60.0,5.71666666666667,23,19.536851851851843,42.97490740740741
70.0,1.98333333333333,2,19.25338624338625,38.789925925925935
30.0,-4.36666666666667,8,18.226439068597827,47.84555555555556
50.0,6.6,6,20.773375819184714,41.37787037037037
50.0,7.56666666666667,2,19.035185185185185,40.91037037037037
50.0,5.3,21,18.475185185185172,30.40296296296297
50.0,-2.833333333333329,4,16.806666666666658,43.2051851851852
100.0,10.1666666666667,13,20.2625925925926,37.44814814814816
60.0,9.3,2,20.419259259259253,45.699708994709
50.0,6.96666666666667,14,18.72925925925925,36.69962962962962
50.0,2.95,4,17.686666666666664,50.51703703703704
80.0,-0.166666666666667,13,15.490740740740746,45.1961111111111
50.0,9.96666666666667,17,21.04292055007932,52.08086419753087
50.0,5.0,22,19.04851851851852,39.90296296296296
20.0,5.35,2,15.696296296296287,51.56191358024691
50.0,2.85,7,19.29925925925925,38.59449735449736
50.0,2.56666666666667,2,19.21650793650793,43.69629629629629
40.0,-0.533333333333333,6,17.75814814814815,39.33703703703704
60.0,4.89166666666667,5,19.503853147218507,36.26592592592592
40.0,6.43333333333333,16,17.335129629629627,47.417218013468016
30.0,7.733333333333332,12,18.187777777777782,36.94962962962962
90.0,12.5,20,21.75825123123852,35.846666666666664
80.0,4.9,21,18.88444444444444,41.498888888888885
40.0,7.9,4,18.933827160493838,52.538271604938274
90.0,10.35,20,20.341481481481487,42.46138888888889
50.0,10.1666666666667,12,17.7537037037037,52.9562962962963
70.0,8.3,1,20.18333333333333,45.48055555555556
40.0,0.5166666666666672,2,17.401111111111113,43.09342592592592
50.0,7.983333333333332,14,18.862407407407407,33.28388888888889
30.0,3.9833333333333294,3,17.974305555555553,42.90301587301588
80.0,8.96666666666667,21,20.016666666666666,40.56933333333333
30.0,2.833333333333329,3,19.38968253968254,38.62814814814814
90.0,1.13333333333333,21,17.28732804232803,46.15343853502489
50.0,4.4,0,16.186417817583898,51.32382716049384
110.0,5.76666666666667,17,18.958148148148148,36.82629629629629
60.0,7.866666666666669,9,19.921164021164017,37.61772486772487
20.0,10.1,3,23.05549922294012,55.209832787827416
100.0,16.1,12,21.85303703703703,34.73111111111111
110.0,13.7166666666667,17,20.566666666666663,41.44064814814814
40.0,8.16666666666667,0,17.271374664223842,40.61518518518519
70.0,-0.2833333333333329,13,15.475683421516758,45.30891975308643
80.0,3.28333333333333,1,18.82567901234569,48.999506172839496
50.0,5.06666666666667,1,18.98138888888889,40.02420634920634
90.0,1.85,9,16.263703703703698,41.89511111111111
90.0,4.1,19,19.9732843000216,40.37279761904762
50.0,4.0,2,19.634,38.08978835978836
70.0,2.41666666666667,6,17.615679012345687,48.773703703703696
20.0,3.25,3,18.153703703703705,40.34444444444444
50.0,3.0,7,20.509659237853494,44.46296296296296
130.0,4.8,21,18.98635802469137,53.920956790123455
70.0,12.9,0,20.908888888888885,35.38251851851852
100.0,8.0,20,20.58888888888889,51.740386240869086
50.0,12.025,10,21.021481481481477,32.096666666666664
120.0,5.0833333333333295,8,18.341111111111108,40.723333333333336
50.0,-2.466666666666669,7,15.061728395061728,44.87842592592594
100.0,5.1,20,19.083703703703694,36.97000000000001
110.0,8.63333333333333,19,20.441851851851847,39.0241975308642
60.0,9.96666666666667,16,19.142222222222223,52.21746913580246
40.0,0.65,3,17.23444444444444,44.01962962962963
60.0,8.3,22,20.33322751322751,34.649957671957665
70.0,9.93333333333333,15,20.706685337057973,44.28442689546727
90.0,8.4,21,21.685944596317228,36.63629629629631
50.0,6.26666666666667,0,17.87574427126961,48.02093933295781
50.0,6.133333333333329,6,19.01944444444445,47.64030864197532
70.0,12.8,16,21.03648148148148,35.884074074074064
40.0,3.5,13,17.585704999070355,45.324629629629634
130.0,5.85,18,18.845185185185198,39.03666666666666
30.0,9.18333333333333,14,17.644880073738754,34.47768518518517
40.0,-0.95,23,17.244708994709,41.36526455026456
40.0,-4.888888888888889,2,15.468518518518518,45.20364197530864
100.0,4.3333333333333295,18,19.25399197197927,36.40531481481481
60.0,5.91666666666667,1,19.141313131313133,47.638011647098
40.0,6.03333333333333,11,19.32296296296296,36.59796296296297
40.0,6.43333333333333,12,17.08962962962963,37.73111111111111
90.0,5.21666666666667,18,15.068456790123465,51.89358024691357
110.0,15.8333333333333,11,21.7474074074074,35.229629629629635
30.0,4.321428571428569,10,14.610708243371455,43.58349206349206
40.0,10.8333333333333,21,21.09037037037037,39.24566137566137
10.0,8.3,4,16.937530864197534,54.00450617283952
30.0,7.2,12,19.136685337057973,51.97
50.0,0.316666666666667,7,16.769999999999996,43.71440476190477
20.0,9.8,14,19.17567901234568,52.71697530864197
30.0,-4.3,2,17.9771180809435,47.19135802469136
90.0,6.0,19,19.711296296296293,38.00157407407408
70.0,5.46666666666667,22,15.897407407407412,51.30301981806369
60.0,13.1,22,19.418888888888887,41.36555555555557
20.0,8.36666666666667,23,18.41074074074074,46.77333333333334
40.0,8.51666666666667,5,17.694074074074077,52.28222222222222
50.0,7.983333333333332,1,19.127777777777776,40.65111111111111
130.0,8.4,19,19.09253532492848,44.688166972033805
60.0,8.41666666666667,13,18.893333333333345,38.15666666666668
40.0,1.71666666666667,1,19.75488683592233,44.137777777777785
90.0,14.4,19,19.38139249516256,39.17654320987656
40.0,6.3,0,19.94296296296296,36.89696296296297
80.0,5.01666666666667,21,19.06703703703703,39.93222222222222
90.0,12.6333333333333,16,21.605,36.03324074074074
60.0,10.4666666666667,13,20.691111111111116,37.59888888888887
40.0,7.25,1,18.90419753086419,54.23981481481481
40.0,6.86666666666667,0,18.998888888888885,40.79555555555556
50.0,0.7,4,16.860805999664674,39.87051851851853
90.0,5.4,16,18.144814814814808,41.21592592592593
90.0,12.25,12,20.77232804232803,35.23656084656086
150.0,7.96666666666667,22,17.746481481481478,53.30271604938272
80.0,2.41666666666667,10,16.389629629629624,41.873291005291
40.0,4.86666666666667,2,19.449516465551955,52.61777777777778
40.0,-1.53333333333333,11,15.1572257527511,47.7691049382716
40.0,-1.0,6,17.037883597883585,47.63420634920634
80.0,7.0,12,19.3212037037037,35.83685185185186
70.0,3.15,18,16.136313130083195,42.12518518518519
40.0,6.65,4,21.67984407315297,43.451375661375664
60.0,17.3,14,22.003862433862437,34.93788359788359
50.0,4.84166666666667,4,17.880740740740734,36.13777777777778
50.0,6.3,9,19.38740740740741,44.68444444444444
50.0,6.2,9,19.37037037037037,44.93
50.0,9.96666666666667,9,20.559629629629637,33.90851851851851
50.0,6.26666666666667,1,19.23555555555556,48.347068080753246
60.0,6.3333333333333295,23,19.303333333333327,44.42481481481482
50.0,11.4083333333333,10,20.935296296296286,32.163333333333334
40.0,7.5,6,18.827901234567904,52.93432098765432
60.0,6.98333333333333,5,19.761111111111116,44.279629629629625
90.0,8.099999999999998,7,21.636075369440725,37.41380952380953
90.0,2.1,7,18.418703703703716,45.81537037037037
40.0,10.7,0,20.62851851851853,43.39111111111111
60.0,5.133333333333329,4,19.11407407407408,43.22851851851851
60.0,11.9,12,21.34624338624338,33.52792592592592
80.0,14.5666666666667,10,21.465185185185177,35.50266666666667
50.0,9.36666666666667,1,20.49422222222222,45.46637037037037
60.0,11.1333333333333,16,20.703703703703688,35.5187037037037
50.0,8.849999999999998,6,20.19066666666667,37.993388888888894
70.0,10.4,20,19.043333333333333,51.257275132275154
50.0,3.8,3,18.424814814814823,49.96835978835979
40.0,5.23333333333333,5,19.099259259259256,39.32200663310034
70.0,13.25,23,22.74270121601011,34.95975925925924
70.0,4.48333333333333,23,18.64185185185185,38.90611111111112
50.0,9.6,5,20.288571428571437,45.997089947089954
20.0,4.65,7,15.94851851851852,49.55771604938272
40.0,4.95,22,17.201481481481487,40.7871851851852
40.0,9.3,20,19.68222222222222,39.226666666666674
60.0,17.45,12,19.66086226202833,39.52296296296296
80.0,6.4,15,18.428148148148143,44.17506878306878
80.0,9.01666666666667,11,20.253148148148146,38.94018518518519
50.0,9.483333333333327,15,19.44481481481481,36.87296296296297
50.0,10.95,12,20.888148148148144,32.18560846560847
50.0,3.85,4,17.055925925925923,42.65481481481481
40.0,0.6,23,17.227682539682547,41.77392592592594
30.0,0.566666666666667,3,16.76722222222222,47.878716274587966
60.0,2.466666666666669,4,18.05518518518518,40.577777777777776
50.0,3.06666666666667,4,18.67210602759623,43.90705519244735
120.0,10.6333333333333,18,20.36694444444444,31.239803064780872
80.0,5.9,7,19.370370370370367,47.889259259259255
40.0,5.4,22,19.635648148148142,39.54867329976702
60.0,9.95,1,19.190491891657967,37.19025396825396
60.0,5.43333333333333,1,19.32962962962963,42.80518518518519
100.0,12.95,19,21.490370370370368,43.94148148148148
40.0,6.5,23,19.87667438271605,42.27479166666665
90.0,10.6,17,20.35212962962963,40.67717592592593
50.0,7.883333333333329,0,20.420753968253965,43.14145502645503
80.0,8.3,22,19.886481481481475,40.83629629629629
70.0,7.599999999999999,8,18.76260942637949,34.4210582010582
30.0,6.8,3,19.43592592592593,37.10944444444445
60.0,7.06666666666667,2,20.26597883597883,41.45870384346177
80.0,14.1833333333333,11,21.791481481481487,30.871481481481485
50.0,11.1666666666667,23,20.523703703703703,42.348888888888894
70.0,7.15,12,19.00500000000001,36.34499999999999
50.0,3.966666666666669,19,18.02111111111111,35.22555555555555
50.0,4.5,20,17.321005291005303,41.68807407407407
80.0,0.55,8,16.982962962962958,42.95037037037038
110.0,8.0,20,18.834814814814813,29.104629629629628
40.0,6.2,2,20.79188351304227,43.06533333333334
60.0,5.53333333333333,15,18.24388888888889,39.925740740740736
40.0,10.4,14,18.926962962962968,51.214814814814815
50.0,4.4,16,18.85111111111111,35.50222222222223
60.0,7.9,0,19.87407407407407,35.31
60.0,2.5,0,18.764814814814816,35.99722222222221
50.0,6.0,1,19.373333333333328,47.86100013975805
50.0,9.35,4,20.398888888888887,44.0248148148148
60.0,10.35,22,20.937592592592587,39.15089947089949
90.0,5.5,22,19.04629629629629,36.49851851851851
90.0,3.75,17,18.53851851851852,44.41753086419752
80.0,5.0,21,19.031481481481485,41.9437037037037
50.0,2.7,2,17.945493827160497,48.56962962962962
60.0,5.66666666666667,22,19.666825396825395,43.42150264550263
30.0,0.766666666666667,4,18.66227513227513,39.87746031746033
100.0,5.76666666666667,19,19.3286111111111,40.56109788359789
40.0,-4.0,2,17.078395061728397,44.03348811458181
100.0,6.8333333333333295,19,18.446666666666665,36.18962962962963
40.0,-2.7,4,16.94740740740741,44.5574074074074
40.0,3.5,4,17.61259259259259,50.12359273235066
100.0,16.7,21,20.999629629629634,47.90421014194576
110.0,9.8,14,21.13888888888889,32.582486772486774
80.0,2.86666666666667,22,20.17514277230153,38.58703703703704
30.0,5.3333333333333295,2,15.70277777777777,51.56259259259259
60.0,8.8,8,18.77271604938272,54.42327160493827
90.0,6.1,18,18.73746031746032,39.769047619047626
70.0,9.65,11,18.875925925925923,53.91197530864199
50.0,10.1,3,19.967037037037034,42.69666666666667
30.0,1.88333333333333,3,17.505185185185187,41.54592592592593
100.0,16.0833333333333,22,19.20183454633065,44.11342592592593
40.0,5.03333333333333,11,17.34981481481481,38.75681578435618
120.0,8.83333333333333,20,20.268148148148143,40.236666666666665
50.0,2.466666666666669,5,19.21259259259259,39.322433862433854
30.0,0.1,6,17.153334698203427,43.12555555555556
100.0,7.96666666666667,11,20.42891534391533,45.50879629629629
60.0,2.7,22,19.08222222222223,48.626728395061726
30.0,0.3,3,17.25777777777778,40.50740740740739
50.0,9.65,23,20.777925925925924,38.76422222222223
100.0,5.56666666666667,21,15.840802469135811,51.47456790123457
60.0,7.15,21,19.69111111111111,37.54930158730159
50.0,2.1,2,18.333703703703694,50.315
40.0,8.51666666666667,6,18.769259259259268,52.45432098765431
50.0,9.4,3,20.37768518518519,45.86945767195766
20.0,8.8,8,17.084509703368386,49.95172319176359
100.0,7.4,7,19.71,43.67629629629629
60.0,4.633333333333329,4,18.462222222222223,41.171851851851855
90.0,13.1833333333333,19,21.69259259259259,43.81962962962963
50.0,2.333333333333329,4,18.06592592592592,40.56962962962964
70.0,5.05,21,19.074444444444445,39.85740740740741
100.0,11.3,15,21.27444444444444,37.20222222222223
50.0,2.175,1,18.26407407407408,50.15037037037038
80.0,16.65,15,19.86133958510965,35.98756613756615
110.0,6.26666666666667,19,20.803830779924414,35.50370370370371
50.0,2.2,4,18.01296296296297,51.18950617283952
50.0,2.06666666666667,2,18.333086419753084,50.30240740740741
50.0,0.966666666666667,5,16.87031746031745,43.5810582010582
20.0,5.65,16,18.735555555555543,33.51037037037037
60.0,0.633333333333333,1,18.38370370370371,41.2903266149879
50.0,3.86666666666667,1,18.08015873015873,43.14718253968255
50.0,8.36666666666667,6,16.731975308641974,53.25592592592592
30.0,9.8,15,19.177407407407408,34.42472222222222
50.0,8.06666666666667,11,19.35,39.8737037037037
50.0,6.26666666666667,0,19.611049382716047,47.07808641975309
40.0,-1.58333333333333,5,19.27143137474026,40.87703703703704
90.0,4.51666666666667,10,17.600370370370378,40.28037037037038
40.0,3.31111111111111,0,18.14333333333333,34.74018518518518
100.0,5.5,22,18.115682631776277,51.44018518518518
50.0,-0.75,3,15.707722547108524,53.67891529137238
50.0,3.85,5,18.77851851851852,43.03293121693121
80.0,2.2,10,16.997830687830696,45.31841269841269
60.0,9.05,0,20.7274074074074,47.29629629629629
50.0,1.3,3,18.605277777777776,41.73425925925928
100.0,6.66666666666667,20,18.44703703703704,32.51487133991174
60.0,7.96666666666667,9,20.954917897905187,40.50407407407407
100.0,9.383333333333328,15,19.10814814814815,32.88333333333335
50.0,3.0,23,16.918888888888887,54.656232147603845
80.0,3.4,19,18.12333333333333,36.2668253968254
50.0,16.9,12,19.0705208719232,39.73333333333333
60.0,9.56666666666667,2,20.03435185185185,41.367592592592594
50.0,7.71666666666667,6,19.470740740740737,46.08731419640054
100.0,13.1,16,22.16366129082005,30.88925925925926
50.0,9.9,18,18.027160493827157,49.71685185185185
80.0,16.5166666666667,14,21.81656084656085,36.09068783068784
70.0,2.2666666666666706,17,17.828783068783068,38.20095238095237
60.0,6.8333333333333295,9,18.715185185185184,45.19962962962964
20.0,11.5166666666667,1,20.436296296296295,43.181671957671966
20.0,4.53333333333333,21,17.23031746031745,41.26269841269842
110.0,11.0666666666667,17,20.311111111111117,41.29148148148148
20.0,5.06666666666667,4,20.79642337251701,42.9437037037037
40.0,2.75,6,19.309629629629637,39.55533333333334
40.0,-2.0,3,17.116296296296287,44.54814814814816
40.0,3.1,17,15.378518518518522,46.90518518518518
60.0,3.4,5,18.47777777777777,40.33792592592594
50.0,3.966666666666669,6,18.849216846375604,42.14481481481482
80.0,7.96666666666667,22,19.368333333333325,34.635370370370374
70.0,4.66666666666667,10,18.5050925925926,35.49842592592592
60.0,3.36666666666667,2,18.69851851851853,49.36259259259259
40.0,5.73333333333333,15,18.29232804232804,35.99222222222221
40.0,5.36666666666667,4,16.967498514557334,50.933888888888895
40.0,6.3,2,17.650016833786907,46.930987654320994
70.0,5.36666666666667,22,18.97777777777777,36.95777777777778
70.0,-0.566666666666667,7,16.517037037037046,43.88203703703703
50.0,4.76666666666667,4,18.611481481481484,42.68148148148149
70.0,10.2666666666667,20,20.78398148148148,40.46527777777776
130.0,4.5833333333333295,11,17.633492063492067,40.19910052910053
60.0,1.88333333333333,6,18.96847222222222,43.63507275132275
40.0,-4.8,8,17.005535181855816,46.39679012345678
60.0,9.1,5,21.89366129082005,38.6762962962963
90.0,17.3,19,21.25722222222222,41.82768518518518
40.0,8.55,16,16.271728395061732,49.86450617283951
60.0,10.8166666666667,12,19.8625925925926,36.010000000000005
150.0,4.86666666666667,13,18.968024691358018,49.36734567901235
100.0,15.0333333333333,16,23.19333613664504,37.70708994708994
40.0,2.55,5,18.055925925925926,43.27555555555555
20.0,1.13333333333333,3,18.56851851851852,41.822962962962976
50.0,6.1,3,19.0,45.88435185185185
50.0,2.4,1,17.69222222222222,44.19296296296295
